{"level":"info","message":"✅ All routers imported successfully","timestamp":"2025-08-17 14:09:07:97"}
{"level":"info","message":"🔗 User router mounted at /api/v1/users","timestamp":"2025-08-17 14:09:07:97"}
{"level":"info","message":"🔗 FHE router mounted at /api/v1/fhe","timestamp":"2025-08-17 14:09:07:97"}
{"level":"info","message":"🔗 Chat router mounted at /api/v1/chat","timestamp":"2025-08-17 14:09:07:97"}
{"level":"info","message":"🔗 Test router mounted at /api/v1/test","timestamp":"2025-08-17 14:09:07:97"}
{"level":"info","message":"🔗 Admin router mounted at /api/v1/admin","timestamp":"2025-08-17 14:09:07:97"}
{"level":"info","message":"🔗 API key router mounted at /api/v1/api-keys","timestamp":"2025-08-17 14:09:07:97"}
{"level":"info","message":"🔗 MCP router mounted at /api/v1/mcp","timestamp":"2025-08-17 14:09:07:97"}
{"level":"info","message":"🔗 Direct debug route registered","timestamp":"2025-08-17 14:09:07:97"}
{"level":"info","message":"✅ All routers imported successfully","timestamp":"2025-08-17 14:09:07:97"}
{"level":"info","message":"🔗 User router mounted at /api/v1/users","timestamp":"2025-08-17 14:09:07:97"}
{"level":"info","message":"🔗 FHE router mounted at /api/v1/fhe","timestamp":"2025-08-17 14:09:07:97"}
{"level":"info","message":"🔗 Chat router mounted at /api/v1/chat","timestamp":"2025-08-17 14:09:07:97"}
{"level":"info","message":"🔗 Test router mounted at /api/v1/test","timestamp":"2025-08-17 14:09:07:97"}
{"level":"info","message":"🔗 Admin router mounted at /api/v1/admin","timestamp":"2025-08-17 14:09:07:97"}
{"level":"info","message":"🔗 API key router mounted at /api/v1/api-keys","timestamp":"2025-08-17 14:09:07:97"}
{"level":"info","message":"🔗 MCP router mounted at /api/v1/mcp","timestamp":"2025-08-17 14:09:07:97"}
{"level":"info","message":"🔗 Direct debug route registered","timestamp":"2025-08-17 14:09:07:97"}
{"level":"error","message":"Uncaught Exception listen EADDRINUSE: address already in use :::8000","name":"Error","stack":"Error: listen EADDRINUSE: address already in use :::8000\n    at Server.setupListenHandle [as _listen2] (node:net:1939:16)\n    at listenInCluster (node:net:1996:12)\n    at Server.listen (node:net:2101:7)\n    at Function.listen (C:\\programing\\Secure Bridge\\server\\node_modules\\express\\lib\\application.js:635:24)\n    at file:///C:/programing/Secure%20Bridge/server/src/index.js:41:9\n    at process.processTicksAndRejections (node:internal/process/task_queues:105:5)","timestamp":"2025-08-17 14:09:08:98"}
{"level":"info","message":"✅ All routers imported successfully","timestamp":"2025-08-17 14:12:00:120"}
{"level":"info","message":"🔗 User router mounted at /api/v1/users","timestamp":"2025-08-17 14:12:00:120"}
{"level":"info","message":"🔗 FHE router mounted at /api/v1/fhe","timestamp":"2025-08-17 14:12:00:120"}
{"level":"info","message":"🔗 Chat router mounted at /api/v1/chat","timestamp":"2025-08-17 14:12:00:120"}
{"level":"info","message":"🔗 Test router mounted at /api/v1/test","timestamp":"2025-08-17 14:12:00:120"}
{"level":"info","message":"🔗 Admin router mounted at /api/v1/admin","timestamp":"2025-08-17 14:12:00:120"}
{"level":"info","message":"🔗 API key router mounted at /api/v1/api-keys","timestamp":"2025-08-17 14:12:00:120"}
{"level":"info","message":"🔗 MCP router mounted at /api/v1/mcp","timestamp":"2025-08-17 14:12:00:120"}
{"level":"info","message":"🔗 Direct debug route registered","timestamp":"2025-08-17 14:12:00:120"}
{"level":"error","message":"Uncaught Exception listen EADDRINUSE: address already in use :::8000","name":"Error","stack":"Error: listen EADDRINUSE: address already in use :::8000\n    at Server.setupListenHandle [as _listen2] (node:net:1939:16)\n    at listenInCluster (node:net:1996:12)\n    at Server.listen (node:net:2101:7)\n    at Function.listen (C:\\programing\\Secure Bridge\\server\\node_modules\\express\\lib\\application.js:635:24)\n    at file:///C:/programing/Secure%20Bridge/server/src/index.js:41:9\n    at process.processTicksAndRejections (node:internal/process/task_queues:105:5)","timestamp":"2025-08-17 14:12:01:121"}
{"level":"info","message":"SIGINT received. Starting graceful shutdown...","timestamp":"2025-08-17 14:12:21:1221"}
{"level":"info","message":"✅ All routers imported successfully","timestamp":"2025-08-17 14:12:25:1225"}
{"level":"info","message":"✅ All routers imported successfully","timestamp":"2025-08-17 14:12:25:1225"}
{"level":"info","message":"🔗 User router mounted at /api/v1/users","timestamp":"2025-08-17 14:12:25:1225"}
{"level":"info","message":"🔗 FHE router mounted at /api/v1/fhe","timestamp":"2025-08-17 14:12:25:1225"}
{"level":"info","message":"🔗 Chat router mounted at /api/v1/chat","timestamp":"2025-08-17 14:12:25:1225"}
{"level":"info","message":"🔗 Test router mounted at /api/v1/test","timestamp":"2025-08-17 14:12:25:1225"}
{"level":"info","message":"🔗 Admin router mounted at /api/v1/admin","timestamp":"2025-08-17 14:12:25:1225"}
{"level":"info","message":"🔗 API key router mounted at /api/v1/api-keys","timestamp":"2025-08-17 14:12:25:1225"}
{"level":"info","message":"🔗 MCP router mounted at /api/v1/mcp","timestamp":"2025-08-17 14:12:25:1225"}
{"level":"info","message":"🔗 Direct debug route registered","timestamp":"2025-08-17 14:12:25:1225"}
{"level":"info","message":"🔗 User router mounted at /api/v1/users","timestamp":"2025-08-17 14:12:25:1225"}
{"level":"info","message":"🔗 FHE router mounted at /api/v1/fhe","timestamp":"2025-08-17 14:12:25:1225"}
{"level":"info","message":"🔗 Chat router mounted at /api/v1/chat","timestamp":"2025-08-17 14:12:25:1225"}
{"level":"info","message":"🔗 Test router mounted at /api/v1/test","timestamp":"2025-08-17 14:12:25:1225"}
{"level":"info","message":"🔗 Admin router mounted at /api/v1/admin","timestamp":"2025-08-17 14:12:25:1225"}
{"level":"info","message":"🔗 API key router mounted at /api/v1/api-keys","timestamp":"2025-08-17 14:12:25:1225"}
{"level":"info","message":"🔗 MCP router mounted at /api/v1/mcp","timestamp":"2025-08-17 14:12:25:1225"}
{"level":"info","message":"🔗 Direct debug route registered","timestamp":"2025-08-17 14:12:25:1225"}
{"level":"error","message":"Uncaught Exception listen EADDRINUSE: address already in use :::8000","name":"Error","stack":"Error: listen EADDRINUSE: address already in use :::8000\n    at Server.setupListenHandle [as _listen2] (node:net:1939:16)\n    at listenInCluster (node:net:1996:12)\n    at Server.listen (node:net:2101:7)\n    at Function.listen (C:\\programing\\Secure Bridge\\server\\node_modules\\express\\lib\\application.js:635:24)\n    at file:///C:/programing/Secure%20Bridge/server/src/index.js:41:9\n    at process.processTicksAndRejections (node:internal/process/task_queues:105:5)","timestamp":"2025-08-17 14:12:25:1225"}
{"level":"info","message":"SIGINT received. Starting graceful shutdown...","timestamp":"2025-08-17 14:12:40:1240"}
{"level":"info","message":"✅ All routers imported successfully","timestamp":"2025-08-17 14:12:52:1252"}
{"level":"info","message":"🔗 User router mounted at /api/v1/users","timestamp":"2025-08-17 14:12:52:1252"}
{"level":"info","message":"🔗 FHE router mounted at /api/v1/fhe","timestamp":"2025-08-17 14:12:52:1252"}
{"level":"info","message":"🔗 Chat router mounted at /api/v1/chat","timestamp":"2025-08-17 14:12:52:1252"}
{"level":"info","message":"🔗 Test router mounted at /api/v1/test","timestamp":"2025-08-17 14:12:52:1252"}
{"level":"info","message":"🔗 Admin router mounted at /api/v1/admin","timestamp":"2025-08-17 14:12:52:1252"}
{"level":"info","message":"🔗 API key router mounted at /api/v1/api-keys","timestamp":"2025-08-17 14:12:52:1252"}
{"level":"info","message":"🔗 MCP router mounted at /api/v1/mcp","timestamp":"2025-08-17 14:12:52:1252"}
{"level":"info","message":"🔗 Direct debug route registered","timestamp":"2025-08-17 14:12:52:1252"}
{"level":"info","message":"SIGINT received. Starting graceful shutdown...","timestamp":"2025-08-17 14:13:02:132"}
{"level":"info","message":"✅ All routers imported successfully","timestamp":"2025-08-17 14:13:06:136"}
{"level":"info","message":"🔗 User router mounted at /api/v1/users","timestamp":"2025-08-17 14:13:06:136"}
{"level":"info","message":"🔗 FHE router mounted at /api/v1/fhe","timestamp":"2025-08-17 14:13:06:136"}
{"level":"info","message":"🔗 Chat router mounted at /api/v1/chat","timestamp":"2025-08-17 14:13:06:136"}
{"level":"info","message":"🔗 Test router mounted at /api/v1/test","timestamp":"2025-08-17 14:13:06:136"}
{"level":"info","message":"🔗 Admin router mounted at /api/v1/admin","timestamp":"2025-08-17 14:13:06:136"}
{"level":"info","message":"🔗 API key router mounted at /api/v1/api-keys","timestamp":"2025-08-17 14:13:06:136"}
{"level":"info","message":"🔗 MCP router mounted at /api/v1/mcp","timestamp":"2025-08-17 14:13:06:136"}
{"level":"info","message":"🔗 Direct debug route registered","timestamp":"2025-08-17 14:13:06:136"}
{"level":"info","message":"SIGINT received. Starting graceful shutdown...","timestamp":"2025-08-17 14:13:35:1335"}
{"level":"info","message":"✅ All routers imported successfully","timestamp":"2025-08-17 15:35:27:3527"}
{"level":"info","message":"🔗 User router mounted at /api/v1/users","timestamp":"2025-08-17 15:35:27:3527"}
{"level":"info","message":"🔗 FHE router mounted at /api/v1/fhe","timestamp":"2025-08-17 15:35:27:3527"}
{"level":"info","message":"🔗 Chat router mounted at /api/v1/chat","timestamp":"2025-08-17 15:35:27:3527"}
{"level":"info","message":"🔗 Test router mounted at /api/v1/test","timestamp":"2025-08-17 15:35:27:3527"}
{"level":"info","message":"🔗 Admin router mounted at /api/v1/admin","timestamp":"2025-08-17 15:35:27:3527"}
{"level":"info","message":"🔗 API key router mounted at /api/v1/api-keys","timestamp":"2025-08-17 15:35:27:3527"}
{"level":"info","message":"🔗 MCP router mounted at /api/v1/mcp","timestamp":"2025-08-17 15:35:28:3528"}
{"level":"info","message":"🔗 Direct debug route registered","timestamp":"2025-08-17 15:35:28:3528"}
{"level":"info","message":"SIGINT received. Starting graceful shutdown...","timestamp":"2025-08-17 15:36:26:3626"}
{"level":"info","message":"✅ All routers imported successfully","timestamp":"2025-08-17 15:36:36:3636"}
{"level":"info","message":"🔗 User router mounted at /api/v1/users","timestamp":"2025-08-17 15:36:36:3636"}
{"level":"info","message":"🔗 FHE router mounted at /api/v1/fhe","timestamp":"2025-08-17 15:36:36:3636"}
{"level":"info","message":"🔗 Chat router mounted at /api/v1/chat","timestamp":"2025-08-17 15:36:36:3636"}
{"level":"info","message":"🔗 Test router mounted at /api/v1/test","timestamp":"2025-08-17 15:36:36:3636"}
{"level":"info","message":"🔗 Admin router mounted at /api/v1/admin","timestamp":"2025-08-17 15:36:36:3636"}
{"level":"info","message":"🔗 API key router mounted at /api/v1/api-keys","timestamp":"2025-08-17 15:36:36:3636"}
{"level":"info","message":"🔗 MCP router mounted at /api/v1/mcp","timestamp":"2025-08-17 15:36:36:3636"}
{"level":"info","message":"🔗 Direct debug route registered","timestamp":"2025-08-17 15:36:36:3636"}
{"level":"error","message":"Uncaught Exception Cannot set headers after they are sent to the client","name":"Error","stack":"Error [ERR_HTTP_HEADERS_SENT]: Cannot set headers after they are sent to the client\n    at ServerResponse.setHeader (node:_http_outgoing:699:11)\n    at ServerResponse.<anonymous> (file:///C:/programing/Secure%20Bridge/server/src/app.js:109:9)\n    at ServerResponse.emit (node:events:519:35)\n    at onFinish (node:_http_outgoing:1081:10)\n    at callback (node:internal/streams/writable:764:21)\n    at afterWrite (node:internal/streams/writable:708:5)\n    at afterWriteTick (node:internal/streams/writable:694:10)\n    at process.processTicksAndRejections (node:internal/process/task_queues:89:21)","timestamp":"2025-08-17 15:36:59:3659"}
{"level":"info","message":"✅ All routers imported successfully","timestamp":"2025-08-17 15:52:17:5217"}
{"level":"info","message":"🔗 User router mounted at /api/v1/users","timestamp":"2025-08-17 15:52:17:5217"}
{"level":"info","message":"🔗 FHE router mounted at /api/v1/fhe","timestamp":"2025-08-17 15:52:17:5217"}
{"level":"info","message":"🔗 Chat router mounted at /api/v1/chat","timestamp":"2025-08-17 15:52:17:5217"}
{"level":"info","message":"🔗 Test router mounted at /api/v1/test","timestamp":"2025-08-17 15:52:17:5217"}
{"level":"info","message":"🔗 Admin router mounted at /api/v1/admin","timestamp":"2025-08-17 15:52:17:5217"}
{"level":"info","message":"🔗 API key router mounted at /api/v1/api-keys","timestamp":"2025-08-17 15:52:17:5217"}
{"level":"info","message":"🔗 MCP router mounted at /api/v1/mcp","timestamp":"2025-08-17 15:52:17:5217"}
{"level":"info","message":"🔗 Direct debug route registered","timestamp":"2025-08-17 15:52:17:5217"}
{"ip":"::1","level":"info","message":"Root endpoint accessed","timestamp":"2025-08-17 15:55:20:5520","userAgent":"curl/8.14.1"}
{"level":"info","message":"✅ All routers imported successfully","timestamp":"2025-08-17 16:01:44:144"}
{"level":"info","message":"🔗 User router mounted at /api/v1/users","timestamp":"2025-08-17 16:01:44:144"}
{"level":"info","message":"🔗 FHE router mounted at /api/v1/fhe","timestamp":"2025-08-17 16:01:44:144"}
{"level":"info","message":"🔗 Chat router mounted at /api/v1/chat","timestamp":"2025-08-17 16:01:44:144"}
{"level":"info","message":"🔗 Test router mounted at /api/v1/test","timestamp":"2025-08-17 16:01:44:144"}
{"level":"info","message":"🔗 Admin router mounted at /api/v1/admin","timestamp":"2025-08-17 16:01:44:144"}
{"level":"info","message":"🔗 API key router mounted at /api/v1/api-keys","timestamp":"2025-08-17 16:01:44:144"}
{"level":"info","message":"🔗 MCP router mounted at /api/v1/mcp","timestamp":"2025-08-17 16:01:44:144"}
{"level":"info","message":"🔗 Direct debug route registered","timestamp":"2025-08-17 16:01:44:144"}
{"level":"error","message":"Uncaught Exception Cannot set headers after they are sent to the client","name":"Error","stack":"Error [ERR_HTTP_HEADERS_SENT]: Cannot set headers after they are sent to the client\n    at ServerResponse.setHeader (node:_http_outgoing:699:11)\n    at ServerResponse.<anonymous> (file:///C:/programing/Secure%20Bridge/server/src/app.js:109:9)\n    at ServerResponse.emit (node:events:519:35)\n    at onFinish (node:_http_outgoing:1081:10)\n    at callback (node:internal/streams/writable:764:21)\n    at afterWrite (node:internal/streams/writable:708:5)\n    at afterWriteTick (node:internal/streams/writable:694:10)\n    at process.processTicksAndRejections (node:internal/process/task_queues:89:21)","timestamp":"2025-08-17 16:01:52:152"}
{"level":"info","message":"✅ All routers imported successfully","timestamp":"2025-08-17 16:17:49:1749"}
{"level":"info","message":"🔗 User router mounted at /api/v1/users","timestamp":"2025-08-17 16:17:49:1749"}
{"level":"info","message":"🔗 FHE router mounted at /api/v1/fhe","timestamp":"2025-08-17 16:17:49:1749"}
{"level":"info","message":"🔗 Chat router mounted at /api/v1/chat","timestamp":"2025-08-17 16:17:49:1749"}
{"level":"info","message":"🔗 Test router mounted at /api/v1/test","timestamp":"2025-08-17 16:17:49:1749"}
{"level":"info","message":"🔗 Admin router mounted at /api/v1/admin","timestamp":"2025-08-17 16:17:49:1749"}
{"level":"info","message":"🔗 API key router mounted at /api/v1/api-keys","timestamp":"2025-08-17 16:17:49:1749"}
{"level":"info","message":"🔗 MCP router mounted at /api/v1/mcp","timestamp":"2025-08-17 16:17:49:1749"}
{"level":"info","message":"🔗 Direct debug route registered","timestamp":"2025-08-17 16:17:49:1749"}
{"level":"info","message":"✅ All routers imported successfully","timestamp":"2025-08-17 16:19:19:1919"}
{"level":"info","message":"🔗 User router mounted at /api/v1/users","timestamp":"2025-08-17 16:19:19:1919"}
{"level":"info","message":"🔗 FHE router mounted at /api/v1/fhe","timestamp":"2025-08-17 16:19:19:1919"}
{"level":"info","message":"🔗 Chat router mounted at /api/v1/chat","timestamp":"2025-08-17 16:19:19:1919"}
{"level":"info","message":"🔗 Test router mounted at /api/v1/test","timestamp":"2025-08-17 16:19:19:1919"}
{"level":"info","message":"🔗 Admin router mounted at /api/v1/admin","timestamp":"2025-08-17 16:19:19:1919"}
{"level":"info","message":"🔗 API key router mounted at /api/v1/api-keys","timestamp":"2025-08-17 16:19:19:1919"}
{"level":"info","message":"🔗 MCP router mounted at /api/v1/mcp","timestamp":"2025-08-17 16:19:19:1919"}
{"level":"info","message":"🔗 Direct debug route registered","timestamp":"2025-08-17 16:19:19:1919"}
{"level":"error","message":"Uncaught Exception listen EADDRINUSE: address already in use :::8000","name":"Error","stack":"Error: listen EADDRINUSE: address already in use :::8000\n    at Server.setupListenHandle [as _listen2] (node:net:1939:16)\n    at listenInCluster (node:net:1996:12)\n    at Server.listen (node:net:2101:7)\n    at Function.listen (C:\\programing\\Secure Bridge\\server\\node_modules\\express\\lib\\application.js:635:24)\n    at file:///C:/programing/Secure%20Bridge/server/src/index.js:41:9\n    at process.processTicksAndRejections (node:internal/process/task_queues:105:5)","timestamp":"2025-08-17 16:19:20:1920"}
{"level":"info","message":"✅ All routers imported successfully","timestamp":"2025-08-17 16:23:40:2340"}
{"level":"info","message":"🔗 User router mounted at /api/v1/users","timestamp":"2025-08-17 16:23:40:2340"}
{"level":"info","message":"🔗 FHE router mounted at /api/v1/fhe","timestamp":"2025-08-17 16:23:40:2340"}
{"level":"info","message":"🔗 Chat router mounted at /api/v1/chat","timestamp":"2025-08-17 16:23:40:2340"}
{"level":"info","message":"🔗 Test router mounted at /api/v1/test","timestamp":"2025-08-17 16:23:40:2340"}
{"level":"info","message":"🔗 Admin router mounted at /api/v1/admin","timestamp":"2025-08-17 16:23:40:2340"}
{"level":"info","message":"🔗 API key router mounted at /api/v1/api-keys","timestamp":"2025-08-17 16:23:40:2340"}
{"level":"info","message":"🔗 MCP router mounted at /api/v1/mcp","timestamp":"2025-08-17 16:23:40:2340"}
{"level":"info","message":"🔗 Direct debug route registered","timestamp":"2025-08-17 16:23:40:2340"}
{"ip":"::1","level":"warn","message":"404 - Route not found","method":"GET","timestamp":"2025-08-17 16:23:47:2347","url":"/api-keys","userAgent":"Mozilla/5.0 (Windows NT 10.0; Win64; x64) AppleWebKit/537.36 (KHTML, like Gecko) Chrome/139.0.0.0 Safari/537.36 Edg/139.0.0.0"}
{"level":"info","message":"✅ All routers imported successfully","timestamp":"2025-08-17 16:25:51:2551"}
{"level":"info","message":"🔗 User router mounted at /api/v1/users","timestamp":"2025-08-17 16:25:51:2551"}
{"level":"info","message":"🔗 FHE router mounted at /api/v1/fhe","timestamp":"2025-08-17 16:25:51:2551"}
{"level":"info","message":"🔗 Chat router mounted at /api/v1/chat","timestamp":"2025-08-17 16:25:51:2551"}
{"level":"info","message":"🔗 Test router mounted at /api/v1/test","timestamp":"2025-08-17 16:25:51:2551"}
{"level":"info","message":"🔗 Admin router mounted at /api/v1/admin","timestamp":"2025-08-17 16:25:51:2551"}
{"level":"info","message":"🔗 API key router mounted at /api/v1/api-keys","timestamp":"2025-08-17 16:25:51:2551"}
{"level":"info","message":"🔗 MCP router mounted at /api/v1/mcp","timestamp":"2025-08-17 16:25:51:2551"}
{"level":"info","message":"🔗 Direct debug route registered","timestamp":"2025-08-17 16:25:51:2551"}
{"ip":"::1","level":"warn","message":"Client Error: Unauthorized request","method":"GET","params":{},"query":{},"statusCode":401,"timestamp":"2025-08-17 16:26:14:2614","url":"/api/v1/chat/models","userAgent":"Mozilla/5.0 (Windows NT 10.0; Win64; x64) AppleWebKit/537.36 (KHTML, like Gecko) Code/1.103.0 Chrome/138.0.7204.100 Electron/37.2.3 Safari/537.36"}
{"level":"info","message":"✅ All routers imported successfully","timestamp":"2025-08-17 16:29:02:292"}
{"level":"info","message":"🔗 User router mounted at /api/v1/users","timestamp":"2025-08-17 16:29:02:292"}
{"level":"info","message":"🔗 FHE router mounted at /api/v1/fhe","timestamp":"2025-08-17 16:29:02:292"}
{"level":"info","message":"🔗 Chat router mounted at /api/v1/chat","timestamp":"2025-08-17 16:29:02:292"}
{"level":"info","message":"🔗 Test router mounted at /api/v1/test","timestamp":"2025-08-17 16:29:02:292"}
{"level":"info","message":"🔗 Admin router mounted at /api/v1/admin","timestamp":"2025-08-17 16:29:02:292"}
{"level":"info","message":"🔗 API key router mounted at /api/v1/api-keys","timestamp":"2025-08-17 16:29:02:292"}
{"level":"info","message":"🔗 MCP router mounted at /api/v1/mcp","timestamp":"2025-08-17 16:29:02:292"}
{"level":"info","message":"🔗 Direct debug route registered","timestamp":"2025-08-17 16:29:02:292"}
{"ip":"::1","level":"warn","message":"Client Error: Unauthorized request","method":"GET","params":{},"query":{},"statusCode":401,"timestamp":"2025-08-17 16:29:17:2917","url":"/api/v1/chat/models","userAgent":"Mozilla/5.0 (Windows NT 10.0; Win64; x64) AppleWebKit/537.36 (KHTML, like Gecko) Code/1.103.0 Chrome/138.0.7204.100 Electron/37.2.3 Safari/537.36"}
{"level":"info","message":"✅ All routers imported successfully","timestamp":"2025-08-17 16:30:47:3047"}
{"level":"info","message":"🔗 User router mounted at /api/v1/users","timestamp":"2025-08-17 16:30:47:3047"}
{"level":"info","message":"🔗 FHE router mounted at /api/v1/fhe","timestamp":"2025-08-17 16:30:47:3047"}
{"level":"info","message":"🔗 Chat router mounted at /api/v1/chat","timestamp":"2025-08-17 16:30:47:3047"}
{"level":"info","message":"🔗 Test router mounted at /api/v1/test","timestamp":"2025-08-17 16:30:47:3047"}
{"level":"info","message":"🔗 Admin router mounted at /api/v1/admin","timestamp":"2025-08-17 16:30:47:3047"}
{"level":"info","message":"🔗 API key router mounted at /api/v1/api-keys","timestamp":"2025-08-17 16:30:47:3047"}
{"level":"info","message":"🔗 MCP router mounted at /api/v1/mcp","timestamp":"2025-08-17 16:30:47:3047"}
{"level":"info","message":"🔗 Direct debug route registered","timestamp":"2025-08-17 16:30:47:3047"}
{"ip":"::1","level":"warn","message":"Client Error: Unauthorized request","method":"GET","params":{},"query":{},"statusCode":401,"timestamp":"2025-08-17 16:31:17:3117","url":"/api/v1/chat/models","userAgent":"Mozilla/5.0 (Windows NT 10.0; Win64; x64) AppleWebKit/537.36 (KHTML, like Gecko) Code/1.103.0 Chrome/138.0.7204.100 Electron/37.2.3 Safari/537.36"}
{"ip":"::1","level":"warn","message":"API Request Client Error","method":"GET","responseTime":"4ms","statusCode":401,"timestamp":"2025-08-17 16:31:17:3117","url":"/api/v1/chat/models","userAgent":"Mozilla/5.0 (Windows NT 10.0; Win64; x64) AppleWebKit/537.36 (KHTML, like Gecko) Code/1.103.0 Chrome/138.0.7204.100 Electron/37.2.3 Safari/537.36"}
{"ip":"::1","level":"warn","message":"Client Error: Unauthorized request","method":"GET","params":{},"query":{},"statusCode":401,"timestamp":"2025-08-17 16:31:47:3147","url":"/api/v1/chat/models","userAgent":"Mozilla/5.0 (Windows NT 10.0; Win64; x64) AppleWebKit/537.36 (KHTML, like Gecko) Code/1.103.0 Chrome/138.0.7204.100 Electron/37.2.3 Safari/537.36"}
{"ip":"::1","level":"warn","message":"API Request Client Error","method":"GET","responseTime":"1ms","statusCode":401,"timestamp":"2025-08-17 16:31:47:3147","url":"/api/v1/chat/models","userAgent":"Mozilla/5.0 (Windows NT 10.0; Win64; x64) AppleWebKit/537.36 (KHTML, like Gecko) Code/1.103.0 Chrome/138.0.7204.100 Electron/37.2.3 Safari/537.36"}
{"level":"info","message":"✅ All routers imported successfully","timestamp":"2025-08-17 16:32:02:322"}
{"level":"info","message":"🔗 User router mounted at /api/v1/users","timestamp":"2025-08-17 16:32:02:322"}
{"level":"info","message":"🔗 FHE router mounted at /api/v1/fhe","timestamp":"2025-08-17 16:32:02:322"}
{"level":"info","message":"🔗 Chat router mounted at /api/v1/chat","timestamp":"2025-08-17 16:32:02:322"}
{"level":"info","message":"🔗 Test router mounted at /api/v1/test","timestamp":"2025-08-17 16:32:02:322"}
{"level":"info","message":"🔗 Admin router mounted at /api/v1/admin","timestamp":"2025-08-17 16:32:02:322"}
{"level":"info","message":"🔗 API key router mounted at /api/v1/api-keys","timestamp":"2025-08-17 16:32:02:322"}
{"level":"info","message":"🔗 MCP router mounted at /api/v1/mcp","timestamp":"2025-08-17 16:32:02:322"}
{"level":"info","message":"🔗 Direct debug route registered","timestamp":"2025-08-17 16:32:02:322"}
{"level":"error","message":"Uncaught Exception listen EADDRINUSE: address already in use :::8000","name":"Error","stack":"Error: listen EADDRINUSE: address already in use :::8000\n    at Server.setupListenHandle [as _listen2] (node:net:1939:16)\n    at listenInCluster (node:net:1996:12)\n    at Server.listen (node:net:2101:7)\n    at Function.listen (C:\\programing\\Secure Bridge\\server\\node_modules\\express\\lib\\application.js:635:24)\n    at file:///C:/programing/Secure%20Bridge/server/src/index.js:41:9\n    at process.processTicksAndRejections (node:internal/process/task_queues:105:5)","timestamp":"2025-08-17 16:32:03:323"}
{"ip":"::1","level":"warn","message":"Client Error: Unauthorized request","method":"GET","params":{},"query":{},"statusCode":401,"timestamp":"2025-08-17 16:32:17:3217","url":"/api/v1/chat/models","userAgent":"Mozilla/5.0 (Windows NT 10.0; Win64; x64) AppleWebKit/537.36 (KHTML, like Gecko) Code/1.103.0 Chrome/138.0.7204.100 Electron/37.2.3 Safari/537.36"}
{"ip":"::1","level":"warn","message":"API Request Client Error","method":"GET","responseTime":"1ms","statusCode":401,"timestamp":"2025-08-17 16:32:17:3217","url":"/api/v1/chat/models","userAgent":"Mozilla/5.0 (Windows NT 10.0; Win64; x64) AppleWebKit/537.36 (KHTML, like Gecko) Code/1.103.0 Chrome/138.0.7204.100 Electron/37.2.3 Safari/537.36"}
{"level":"info","message":"✅ All routers imported successfully","timestamp":"2025-08-17 16:32:33:3233"}
{"level":"info","message":"🔗 User router mounted at /api/v1/users","timestamp":"2025-08-17 16:32:33:3233"}
{"level":"info","message":"🔗 FHE router mounted at /api/v1/fhe","timestamp":"2025-08-17 16:32:33:3233"}
{"level":"info","message":"🔗 Chat router mounted at /api/v1/chat","timestamp":"2025-08-17 16:32:33:3233"}
{"level":"info","message":"🔗 Test router mounted at /api/v1/test","timestamp":"2025-08-17 16:32:33:3233"}
{"level":"info","message":"🔗 Admin router mounted at /api/v1/admin","timestamp":"2025-08-17 16:32:33:3233"}
{"level":"info","message":"🔗 API key router mounted at /api/v1/api-keys","timestamp":"2025-08-17 16:32:33:3233"}
{"level":"info","message":"🔗 MCP router mounted at /api/v1/mcp","timestamp":"2025-08-17 16:32:33:3233"}
{"level":"info","message":"🔗 Direct debug route registered","timestamp":"2025-08-17 16:32:33:3233"}
{"ip":"::1","level":"warn","message":"Client Error: Unauthorized request","method":"GET","params":{},"query":{},"statusCode":401,"timestamp":"2025-08-17 16:32:53:3253","url":"/api/v1/chat/models","userAgent":"Mozilla/5.0 (Windows NT 10.0; Win64; x64) AppleWebKit/537.36 (KHTML, like Gecko) Code/1.103.0 Chrome/138.0.7204.100 Electron/37.2.3 Safari/537.36"}
{"ip":"::1","level":"warn","message":"API Request Client Error","method":"GET","responseTime":"4ms","statusCode":401,"timestamp":"2025-08-17 16:32:53:3253","url":"/api/v1/chat/models","userAgent":"Mozilla/5.0 (Windows NT 10.0; Win64; x64) AppleWebKit/537.36 (KHTML, like Gecko) Code/1.103.0 Chrome/138.0.7204.100 Electron/37.2.3 Safari/537.36"}
{"ip":"::1","level":"warn","message":"Client Error: Unauthorized request","method":"GET","params":{},"query":{},"statusCode":401,"timestamp":"2025-08-17 16:33:04:334","url":"/api/v1/chat/models","userAgent":"Mozilla/5.0 (Windows NT 10.0; Win64; x64) AppleWebKit/537.36 (KHTML, like Gecko) Code/1.103.0 Chrome/138.0.7204.100 Electron/37.2.3 Safari/537.36"}
{"ip":"::1","level":"warn","message":"API Request Client Error","method":"GET","responseTime":"1ms","statusCode":401,"timestamp":"2025-08-17 16:33:04:334","url":"/api/v1/chat/models","userAgent":"Mozilla/5.0 (Windows NT 10.0; Win64; x64) AppleWebKit/537.36 (KHTML, like Gecko) Code/1.103.0 Chrome/138.0.7204.100 Electron/37.2.3 Safari/537.36"}
{"ip":"::1","level":"warn","message":"Client Error: Unauthorized request","method":"GET","params":{},"query":{},"statusCode":401,"timestamp":"2025-08-17 16:33:34:3334","url":"/api/v1/chat/models","userAgent":"Mozilla/5.0 (Windows NT 10.0; Win64; x64) AppleWebKit/537.36 (KHTML, like Gecko) Code/1.103.0 Chrome/138.0.7204.100 Electron/37.2.3 Safari/537.36"}
{"ip":"::1","level":"warn","message":"API Request Client Error","method":"GET","responseTime":"1ms","statusCode":401,"timestamp":"2025-08-17 16:33:34:3334","url":"/api/v1/chat/models","userAgent":"Mozilla/5.0 (Windows NT 10.0; Win64; x64) AppleWebKit/537.36 (KHTML, like Gecko) Code/1.103.0 Chrome/138.0.7204.100 Electron/37.2.3 Safari/537.36"}
{"ip":"::1","level":"warn","message":"404 - Route not found","method":"GET","timestamp":"2025-08-17 16:33:46:3346","url":"/api/v1/users/test-auth","userAgent":"curl/8.14.1"}
{"ip":"::1","level":"warn","message":"API Request Client Error","method":"GET","responseTime":"1ms","statusCode":404,"timestamp":"2025-08-17 16:33:46:3346","url":"/api/v1/users/test-auth","userAgent":"curl/8.14.1"}
{"ip":"::1","level":"warn","message":"Client Error: Unauthorized request","method":"GET","params":{},"query":{},"statusCode":401,"timestamp":"2025-08-17 16:33:51:3351","url":"/api/v1/api-keys","userAgent":"Mozilla/5.0 (Windows NT; Windows NT 10.0; en-US) WindowsPowerShell/5.1.26100.4768"}
{"ip":"::1","level":"warn","message":"API Request Client Error","method":"GET","responseTime":"2ms","statusCode":401,"timestamp":"2025-08-17 16:33:51:3351","url":"/api/v1/api-keys","userAgent":"Mozilla/5.0 (Windows NT; Windows NT 10.0; en-US) WindowsPowerShell/5.1.26100.4768"}
{"ip":"::1","level":"warn","message":"Client Error: Unauthorized request","method":"GET","params":{},"query":{},"statusCode":401,"timestamp":"2025-08-17 16:34:50:3450","url":"/api/v1/chat/models","userAgent":"Mozilla/5.0 (Windows NT 10.0; Win64; x64) AppleWebKit/537.36 (KHTML, like Gecko) Code/1.103.0 Chrome/138.0.7204.100 Electron/37.2.3 Safari/537.36"}
{"ip":"::1","level":"warn","message":"API Request Client Error","method":"GET","responseTime":"2ms","statusCode":401,"timestamp":"2025-08-17 16:34:50:3450","url":"/api/v1/chat/models","userAgent":"Mozilla/5.0 (Windows NT 10.0; Win64; x64) AppleWebKit/537.36 (KHTML, like Gecko) Code/1.103.0 Chrome/138.0.7204.100 Electron/37.2.3 Safari/537.36"}
{"ip":"::1","level":"error","message":"API Request Error","method":"GET","responseTime":"103ms","statusCode":500,"timestamp":"2025-08-17 16:35:08:358","url":"/api/v1/chat/models","userAgent":"Mozilla/5.0 (Windows NT 10.0; Win64; x64) AppleWebKit/537.36 (KHTML, like Gecko) Chrome/139.0.0.0 Safari/537.36 Edg/139.0.0.0","userId":"6890bc025f44f5ac5c348507"}
{"level":"info","message":"✅ All routers imported successfully","timestamp":"2025-08-17 16:35:18:3518"}
{"level":"info","message":"🔗 User router mounted at /api/v1/users","timestamp":"2025-08-17 16:35:18:3518"}
{"level":"info","message":"🔗 FHE router mounted at /api/v1/fhe","timestamp":"2025-08-17 16:35:18:3518"}
{"level":"info","message":"🔗 Chat router mounted at /api/v1/chat","timestamp":"2025-08-17 16:35:18:3518"}
{"level":"info","message":"🔗 Test router mounted at /api/v1/test","timestamp":"2025-08-17 16:35:18:3518"}
{"level":"info","message":"🔗 Admin router mounted at /api/v1/admin","timestamp":"2025-08-17 16:35:18:3518"}
{"level":"info","message":"🔗 API key router mounted at /api/v1/api-keys","timestamp":"2025-08-17 16:35:18:3518"}
{"level":"info","message":"🔗 MCP router mounted at /api/v1/mcp","timestamp":"2025-08-17 16:35:18:3518"}
{"level":"info","message":"🔗 Direct debug route registered","timestamp":"2025-08-17 16:35:18:3518"}
{"level":"error","message":"Uncaught Exception listen EADDRINUSE: address already in use :::8000","name":"Error","stack":"Error: listen EADDRINUSE: address already in use :::8000\n    at Server.setupListenHandle [as _listen2] (node:net:1939:16)\n    at listenInCluster (node:net:1996:12)\n    at Server.listen (node:net:2101:7)\n    at Function.listen (C:\\programing\\Secure Bridge\\server\\node_modules\\express\\lib\\application.js:635:24)\n    at file:///C:/programing/Secure%20Bridge/server/src/index.js:41:9\n    at process.processTicksAndRejections (node:internal/process/task_queues:105:5)","timestamp":"2025-08-17 16:35:20:3520"}
{"ip":"::1","level":"warn","message":"Client Error: Unauthorized request","method":"GET","params":{},"query":{},"statusCode":401,"timestamp":"2025-08-17 16:35:20:3520","url":"/api/v1/chat/models","userAgent":"Mozilla/5.0 (Windows NT 10.0; Win64; x64) AppleWebKit/537.36 (KHTML, like Gecko) Code/1.103.0 Chrome/138.0.7204.100 Electron/37.2.3 Safari/537.36"}
{"ip":"::1","level":"warn","message":"API Request Client Error","method":"GET","responseTime":"1ms","statusCode":401,"timestamp":"2025-08-17 16:35:20:3520","url":"/api/v1/chat/models","userAgent":"Mozilla/5.0 (Windows NT 10.0; Win64; x64) AppleWebKit/537.36 (KHTML, like Gecko) Code/1.103.0 Chrome/138.0.7204.100 Electron/37.2.3 Safari/537.36"}
{"level":"info","message":"✅ All routers imported successfully","timestamp":"2025-08-17 16:36:38:3638"}
{"level":"info","message":"🔗 User router mounted at /api/v1/users","timestamp":"2025-08-17 16:36:38:3638"}
{"level":"info","message":"🔗 FHE router mounted at /api/v1/fhe","timestamp":"2025-08-17 16:36:38:3638"}
{"level":"info","message":"🔗 Chat router mounted at /api/v1/chat","timestamp":"2025-08-17 16:36:38:3638"}
{"level":"info","message":"🔗 Test router mounted at /api/v1/test","timestamp":"2025-08-17 16:36:38:3638"}
{"level":"info","message":"🔗 Admin router mounted at /api/v1/admin","timestamp":"2025-08-17 16:36:38:3638"}
{"level":"info","message":"🔗 API key router mounted at /api/v1/api-keys","timestamp":"2025-08-17 16:36:38:3638"}
{"level":"info","message":"🔗 MCP router mounted at /api/v1/mcp","timestamp":"2025-08-17 16:36:38:3638"}
{"level":"info","message":"🔗 Direct debug route registered","timestamp":"2025-08-17 16:36:38:3638"}
{"ip":"::1","level":"warn","message":"Client Error: Unauthorized request","method":"GET","params":{},"query":{},"statusCode":401,"timestamp":"2025-08-17 16:37:30:3730","url":"/api/v1/chat/models","userAgent":"Mozilla/5.0 (Windows NT 10.0; Win64; x64) AppleWebKit/537.36 (KHTML, like Gecko) Code/1.103.0 Chrome/138.0.7204.100 Electron/37.2.3 Safari/537.36"}
{"ip":"::1","level":"warn","message":"API Request Client Error","method":"GET","responseTime":"5ms","statusCode":401,"timestamp":"2025-08-17 16:37:30:3730","url":"/api/v1/chat/models","userAgent":"Mozilla/5.0 (Windows NT 10.0; Win64; x64) AppleWebKit/537.36 (KHTML, like Gecko) Code/1.103.0 Chrome/138.0.7204.100 Electron/37.2.3 Safari/537.36"}
{"ip":"::1","level":"warn","message":"404 - Route not found","method":"GET","timestamp":"2025-08-17 16:37:32:3732","url":"/api-keys","userAgent":"Mozilla/5.0 (Windows NT 10.0; Win64; x64) AppleWebKit/537.36 (KHTML, like Gecko) Code/1.103.0 Chrome/138.0.7204.100 Electron/37.2.3 Safari/537.36"}
{"ip":"::1","level":"warn","message":"API Request Client Error","method":"GET","responseTime":"1ms","statusCode":404,"timestamp":"2025-08-17 16:37:32:3732","url":"/api-keys","userAgent":"Mozilla/5.0 (Windows NT 10.0; Win64; x64) AppleWebKit/537.36 (KHTML, like Gecko) Code/1.103.0 Chrome/138.0.7204.100 Electron/37.2.3 Safari/537.36"}
{"ip":"::1","level":"warn","message":"Client Error: Unauthorized request","method":"GET","params":{},"query":{},"statusCode":401,"timestamp":"2025-08-17 16:37:41:3741","url":"/api/v1/chat/models","userAgent":"Mozilla/5.0 (Windows NT 10.0; Win64; x64) AppleWebKit/537.36 (KHTML, like Gecko) Code/1.103.0 Chrome/138.0.7204.100 Electron/37.2.3 Safari/537.36"}
{"ip":"::1","level":"warn","message":"API Request Client Error","method":"GET","responseTime":"1ms","statusCode":401,"timestamp":"2025-08-17 16:37:41:3741","url":"/api/v1/chat/models","userAgent":"Mozilla/5.0 (Windows NT 10.0; Win64; x64) AppleWebKit/537.36 (KHTML, like Gecko) Code/1.103.0 Chrome/138.0.7204.100 Electron/37.2.3 Safari/537.36"}
{"ip":"::1","level":"warn","message":"404 - Route not found","method":"GET","timestamp":"2025-08-17 16:37:44:3744","url":"/api-keys","userAgent":"Mozilla/5.0 (Windows NT 10.0; Win64; x64) AppleWebKit/537.36 (KHTML, like Gecko) Code/1.103.0 Chrome/138.0.7204.100 Electron/37.2.3 Safari/537.36"}
{"ip":"::1","level":"warn","message":"API Request Client Error","method":"GET","responseTime":"1ms","statusCode":404,"timestamp":"2025-08-17 16:37:44:3744","url":"/api-keys","userAgent":"Mozilla/5.0 (Windows NT 10.0; Win64; x64) AppleWebKit/537.36 (KHTML, like Gecko) Code/1.103.0 Chrome/138.0.7204.100 Electron/37.2.3 Safari/537.36"}
{"ip":"::1","level":"warn","message":"Client Error: Unauthorized request","method":"GET","params":{},"query":{},"statusCode":401,"timestamp":"2025-08-17 16:37:47:3747","url":"/api/v1/chat/models","userAgent":"Mozilla/5.0 (Windows NT 10.0; Win64; x64) AppleWebKit/537.36 (KHTML, like Gecko) Code/1.103.0 Chrome/138.0.7204.100 Electron/37.2.3 Safari/537.36"}
{"ip":"::1","level":"warn","message":"API Request Client Error","method":"GET","responseTime":"2ms","statusCode":401,"timestamp":"2025-08-17 16:37:47:3747","url":"/api/v1/chat/models","userAgent":"Mozilla/5.0 (Windows NT 10.0; Win64; x64) AppleWebKit/537.36 (KHTML, like Gecko) Code/1.103.0 Chrome/138.0.7204.100 Electron/37.2.3 Safari/537.36"}
{"ip":"::1","level":"warn","message":"404 - Route not found","method":"GET","timestamp":"2025-08-17 16:37:57:3757","url":"/api-keys","userAgent":"Mozilla/5.0 (Windows NT 10.0; Win64; x64) AppleWebKit/537.36 (KHTML, like Gecko) Code/1.103.0 Chrome/138.0.7204.100 Electron/37.2.3 Safari/537.36"}
{"ip":"::1","level":"warn","message":"API Request Client Error","method":"GET","responseTime":"1ms","statusCode":404,"timestamp":"2025-08-17 16:37:57:3757","url":"/api-keys","userAgent":"Mozilla/5.0 (Windows NT 10.0; Win64; x64) AppleWebKit/537.36 (KHTML, like Gecko) Code/1.103.0 Chrome/138.0.7204.100 Electron/37.2.3 Safari/537.36"}
{"ip":"::1","level":"warn","message":"404 - Route not found","method":"GET","timestamp":"2025-08-17 16:38:21:3821","url":"/api-keys","userAgent":"Mozilla/5.0 (Windows NT 10.0; Win64; x64) AppleWebKit/537.36 (KHTML, like Gecko) Chrome/139.0.0.0 Safari/537.36 Edg/139.0.0.0"}
{"ip":"::1","level":"warn","message":"API Request Client Error","method":"GET","responseTime":"1ms","statusCode":404,"timestamp":"2025-08-17 16:38:21:3821","url":"/api-keys","userAgent":"Mozilla/5.0 (Windows NT 10.0; Win64; x64) AppleWebKit/537.36 (KHTML, like Gecko) Chrome/139.0.0.0 Safari/537.36 Edg/139.0.0.0"}
{"ip":"::1","level":"warn","message":"404 - Route not found","method":"GET","timestamp":"2025-08-17 16:38:26:3826","url":"/api-keys","userAgent":"Mozilla/5.0 (Windows NT 10.0; Win64; x64) AppleWebKit/537.36 (KHTML, like Gecko) Chrome/139.0.0.0 Safari/537.36 Edg/139.0.0.0"}
{"ip":"::1","level":"warn","message":"API Request Client Error","method":"GET","responseTime":"1ms","statusCode":404,"timestamp":"2025-08-17 16:38:26:3826","url":"/api-keys","userAgent":"Mozilla/5.0 (Windows NT 10.0; Win64; x64) AppleWebKit/537.36 (KHTML, like Gecko) Chrome/139.0.0.0 Safari/537.36 Edg/139.0.0.0"}
{"ip":"::1","level":"warn","message":"404 - Route not found","method":"POST","timestamp":"2025-08-17 16:38:42:3842","url":"/api-keys","userAgent":"Mozilla/5.0 (Windows NT 10.0; Win64; x64) AppleWebKit/537.36 (KHTML, like Gecko) Chrome/139.0.0.0 Safari/537.36 Edg/139.0.0.0"}
{"ip":"::1","level":"warn","message":"API Request Client Error","method":"POST","responseTime":"1ms","statusCode":404,"timestamp":"2025-08-17 16:38:42:3842","url":"/api-keys","userAgent":"Mozilla/5.0 (Windows NT 10.0; Win64; x64) AppleWebKit/537.36 (KHTML, like Gecko) Chrome/139.0.0.0 Safari/537.36 Edg/139.0.0.0"}
{"level":"info","message":"✅ All routers imported successfully","timestamp":"2025-08-17 16:41:22:4122"}
{"level":"info","message":"🔗 User router mounted at /api/v1/users","timestamp":"2025-08-17 16:41:22:4122"}
{"level":"info","message":"🔗 FHE router mounted at /api/v1/fhe","timestamp":"2025-08-17 16:41:22:4122"}
{"level":"info","message":"🔗 Chat router mounted at /api/v1/chat","timestamp":"2025-08-17 16:41:22:4122"}
{"level":"info","message":"🔗 Test router mounted at /api/v1/test","timestamp":"2025-08-17 16:41:22:4122"}
{"level":"info","message":"🔗 Admin router mounted at /api/v1/admin","timestamp":"2025-08-17 16:41:22:4122"}
{"level":"info","message":"🔗 API key router mounted at /api/v1/api-keys","timestamp":"2025-08-17 16:41:22:4122"}
{"level":"info","message":"🔗 MCP router mounted at /api/v1/mcp","timestamp":"2025-08-17 16:41:22:4122"}
{"level":"info","message":"🔗 Direct debug route registered","timestamp":"2025-08-17 16:41:22:4122"}
{"ip":"::1","level":"warn","message":"404 - Route not found","method":"GET","timestamp":"2025-08-17 16:41:50:4150","url":"/api-keys","userAgent":"Mozilla/5.0 (Windows NT 10.0; Win64; x64) AppleWebKit/537.36 (KHTML, like Gecko) Code/1.103.0 Chrome/138.0.7204.100 Electron/37.2.3 Safari/537.36"}
{"ip":"::1","level":"warn","message":"API Request Client Error","method":"GET","responseTime":"2ms","statusCode":404,"timestamp":"2025-08-17 16:41:50:4150","url":"/api-keys","userAgent":"Mozilla/5.0 (Windows NT 10.0; Win64; x64) AppleWebKit/537.36 (KHTML, like Gecko) Code/1.103.0 Chrome/138.0.7204.100 Electron/37.2.3 Safari/537.36"}
{"level":"info","message":"✅ All routers imported successfully","timestamp":"2025-08-17 16:43:58:4358"}
{"level":"info","message":"🔗 User router mounted at /api/v1/users","timestamp":"2025-08-17 16:43:58:4358"}
{"level":"info","message":"🔗 FHE router mounted at /api/v1/fhe","timestamp":"2025-08-17 16:43:58:4358"}
{"level":"info","message":"🔗 Chat router mounted at /api/v1/chat","timestamp":"2025-08-17 16:43:58:4358"}
{"level":"info","message":"🔗 Test router mounted at /api/v1/test","timestamp":"2025-08-17 16:43:58:4358"}
{"level":"info","message":"🔗 Admin router mounted at /api/v1/admin","timestamp":"2025-08-17 16:43:58:4358"}
{"level":"info","message":"🔗 API key router mounted at /api/v1/api-keys","timestamp":"2025-08-17 16:43:58:4358"}
{"level":"info","message":"🔗 MCP router mounted at /api/v1/mcp","timestamp":"2025-08-17 16:43:58:4358"}
{"level":"info","message":"🔗 Direct debug route registered","timestamp":"2025-08-17 16:43:58:4358"}
{"level":"info","message":"SIGINT received. Starting graceful shutdown...","timestamp":"2025-08-17 16:45:18:4518"}
{"level":"info","message":"✅ All routers imported successfully","timestamp":"2025-08-17 16:45:29:4529"}
{"level":"info","message":"🔗 User router mounted at /api/v1/users","timestamp":"2025-08-17 16:45:29:4529"}
{"level":"info","message":"🔗 FHE router mounted at /api/v1/fhe","timestamp":"2025-08-17 16:45:29:4529"}
{"level":"info","message":"🔗 Chat router mounted at /api/v1/chat","timestamp":"2025-08-17 16:45:29:4529"}
{"level":"info","message":"🔗 Test router mounted at /api/v1/test","timestamp":"2025-08-17 16:45:29:4529"}
{"level":"info","message":"🔗 Admin router mounted at /api/v1/admin","timestamp":"2025-08-17 16:45:29:4529"}
{"level":"info","message":"🔗 API key router mounted at /api/v1/api-keys","timestamp":"2025-08-17 16:45:29:4529"}
{"level":"info","message":"🔗 MCP router mounted at /api/v1/mcp","timestamp":"2025-08-17 16:45:29:4529"}
{"level":"info","message":"🔗 Direct debug route registered","timestamp":"2025-08-17 16:45:29:4529"}
{"ip":"::1","level":"warn","message":"Client Error: Unauthorized request","method":"GET","params":{},"query":{},"statusCode":401,"timestamp":"2025-08-17 16:46:23:4623","url":"/api/v1/api-keys","userAgent":"curl/8.14.1"}
{"ip":"::1","level":"warn","message":"API Request Client Error","method":"GET","responseTime":"5ms","statusCode":401,"timestamp":"2025-08-17 16:46:23:4623","url":"/api/v1/api-keys","userAgent":"curl/8.14.1"}
{"ip":"::1","level":"warn","message":"Client Error: Unauthorized request","method":"GET","params":{},"query":{},"statusCode":401,"timestamp":"2025-08-17 16:46:30:4630","url":"/api/v1/api-keys","userAgent":"Mozilla/5.0 (Windows NT 10.0; Microsoft Windows 10.0.26100; en-US) PowerShell/7.5.2"}
{"ip":"::1","level":"warn","message":"API Request Client Error","method":"GET","responseTime":"3ms","statusCode":401,"timestamp":"2025-08-17 16:46:30:4630","url":"/api/v1/api-keys","userAgent":"Mozilla/5.0 (Windows NT 10.0; Microsoft Windows 10.0.26100; en-US) PowerShell/7.5.2"}
{"level":"info","message":"✅ All routers imported successfully","timestamp":"2025-08-17 16:53:14:5314"}
{"level":"info","message":"🔗 User router mounted at /api/v1/users","timestamp":"2025-08-17 16:53:14:5314"}
{"level":"info","message":"🔗 FHE router mounted at /api/v1/fhe","timestamp":"2025-08-17 16:53:14:5314"}
{"level":"info","message":"🔗 Chat router mounted at /api/v1/chat","timestamp":"2025-08-17 16:53:14:5314"}
{"level":"info","message":"🔗 Test router mounted at /api/v1/test","timestamp":"2025-08-17 16:53:14:5314"}
{"level":"info","message":"🔗 Admin router mounted at /api/v1/admin","timestamp":"2025-08-17 16:53:14:5314"}
{"level":"info","message":"🔗 API key router mounted at /api/v1/api-keys","timestamp":"2025-08-17 16:53:14:5314"}
{"level":"info","message":"🔗 MCP router mounted at /api/v1/mcp","timestamp":"2025-08-17 16:53:14:5314"}
{"level":"info","message":"🔗 Direct debug route registered","timestamp":"2025-08-17 16:53:14:5314"}
{"ip":"::1","level":"warn","message":"404 - Route not found","method":"GET","timestamp":"2025-08-17 16:53:20:5320","url":"/api-keys","userAgent":"Mozilla/5.0 (Windows NT 10.0; Win64; x64) AppleWebKit/537.36 (KHTML, like Gecko) Chrome/139.0.0.0 Safari/537.36 Edg/139.0.0.0"}
{"ip":"::1","level":"warn","message":"API Request Client Error","method":"GET","responseTime":"2ms","statusCode":404,"timestamp":"2025-08-17 16:53:20:5320","url":"/api-keys","userAgent":"Mozilla/5.0 (Windows NT 10.0; Win64; x64) AppleWebKit/537.36 (KHTML, like Gecko) Chrome/139.0.0.0 Safari/537.36 Edg/139.0.0.0"}
{"ip":"::1","level":"error","message":"API Request Error","method":"GET","responseTime":"128ms","statusCode":500,"timestamp":"2025-08-17 16:53:23:5323","url":"/api/v1/chat/models","userAgent":"Mozilla/5.0 (Windows NT 10.0; Win64; x64) AppleWebKit/537.36 (KHTML, like Gecko) Chrome/139.0.0.0 Safari/537.36 Edg/139.0.0.0","userId":"6890bc025f44f5ac5c348507"}
{"ip":"::1","level":"error","message":"API Request Error","method":"GET","responseTime":"114ms","statusCode":500,"timestamp":"2025-08-17 16:53:28:5328","url":"/api/v1/chat/models","userAgent":"Mozilla/5.0 (Windows NT 10.0; Win64; x64) AppleWebKit/537.36 (KHTML, like Gecko) Chrome/139.0.0.0 Safari/537.36 Edg/139.0.0.0","userId":"6890bc025f44f5ac5c348507"}
{"body":{"description":"","externalKey":"AIzaSyCwPdPcWKqBOdw74QyWQVa4vGnJ5Wi9O44","name":"new","permissions":["chat.access","fhe.encrypt","mcp.connect"],"provider":"google","rateLimit":{"requestsPerDay":10000,"requestsPerHour":1000,"requestsPerMinute":100}},"ip":"::1","level":"error","message":"Application Error ApiKey validation failed: encryptionTag: Path `encryptionTag` is required., encryptionIV: Path `encryptionIV` is required., externalKeyEncrypted: Path `externalKeyEncrypted` is required.","method":"POST","name":"ValidationError","params":{},"query":{},"stack":"ValidationError: ApiKey validation failed: encryptionTag: Path `encryptionTag` is required., encryptionIV: Path `encryptionIV` is required., externalKeyEncrypted: Path `externalKeyEncrypted` is required.\n    at Document.invalidate (C:\\programing\\Secure Bridge\\server\\node_modules\\mongoose\\lib\\document.js:3352:32)\n    at C:\\programing\\Secure Bridge\\server\\node_modules\\mongoose\\lib\\document.js:3113:17\n    at C:\\programing\\Secure Bridge\\server\\node_modules\\mongoose\\lib\\schemaType.js:1407:9\n    at process.processTicksAndRejections (node:internal/process/task_queues:85:11)","timestamp":"2025-08-17 16:53:51:5351","url":"/api/v1/api-keys","userAgent":"Mozilla/5.0 (Windows NT 10.0; Win64; x64) AppleWebKit/537.36 (KHTML, like Gecko) Chrome/139.0.0.0 Safari/537.36 Edg/139.0.0.0","userId":"6890bc025f44f5ac5c348507"}
{"ip":"::1","level":"error","message":"API Request Error","method":"POST","responseTime":"101ms","statusCode":500,"timestamp":"2025-08-17 16:53:51:5351","url":"/api/v1/api-keys","userAgent":"Mozilla/5.0 (Windows NT 10.0; Win64; x64) AppleWebKit/537.36 (KHTML, like Gecko) Chrome/139.0.0.0 Safari/537.36 Edg/139.0.0.0","userId":"6890bc025f44f5ac5c348507"}
{"body":{"description":"","externalKey":"AIzaSyCwPdPcWKqBOdw74QyWQVa4vGnJ5Wi9O44","name":"new","permissions":["chat.access","fhe.encrypt","mcp.connect"],"provider":"google","rateLimit":{"requestsPerDay":10000,"requestsPerHour":1000,"requestsPerMinute":100}},"ip":"::1","level":"error","message":"Application Error ApiKey validation failed: encryptionTag: Path `encryptionTag` is required., encryptionIV: Path `encryptionIV` is required., externalKeyEncrypted: Path `externalKeyEncrypted` is required.","method":"POST","name":"ValidationError","params":{},"query":{},"stack":"ValidationError: ApiKey validation failed: encryptionTag: Path `encryptionTag` is required., encryptionIV: Path `encryptionIV` is required., externalKeyEncrypted: Path `externalKeyEncrypted` is required.\n    at Document.invalidate (C:\\programing\\Secure Bridge\\server\\node_modules\\mongoose\\lib\\document.js:3352:32)\n    at C:\\programing\\Secure Bridge\\server\\node_modules\\mongoose\\lib\\document.js:3113:17\n    at C:\\programing\\Secure Bridge\\server\\node_modules\\mongoose\\lib\\schemaType.js:1407:9\n    at process.processTicksAndRejections (node:internal/process/task_queues:85:11)","timestamp":"2025-08-17 16:54:41:5441","url":"/api/v1/api-keys","userAgent":"Mozilla/5.0 (Windows NT 10.0; Win64; x64) AppleWebKit/537.36 (KHTML, like Gecko) Chrome/139.0.0.0 Safari/537.36 Edg/139.0.0.0","userId":"6890bc025f44f5ac5c348507"}
{"ip":"::1","level":"error","message":"API Request Error","method":"POST","responseTime":"43ms","statusCode":500,"timestamp":"2025-08-17 16:54:41:5441","url":"/api/v1/api-keys","userAgent":"Mozilla/5.0 (Windows NT 10.0; Win64; x64) AppleWebKit/537.36 (KHTML, like Gecko) Chrome/139.0.0.0 Safari/537.36 Edg/139.0.0.0","userId":"6890bc025f44f5ac5c348507"}
{"level":"info","message":"✅ All routers imported successfully","timestamp":"2025-08-17 16:55:43:5543"}
{"level":"info","message":"🔗 User router mounted at /api/v1/users","timestamp":"2025-08-17 16:55:43:5543"}
{"level":"info","message":"🔗 FHE router mounted at /api/v1/fhe","timestamp":"2025-08-17 16:55:43:5543"}
{"level":"info","message":"🔗 Chat router mounted at /api/v1/chat","timestamp":"2025-08-17 16:55:43:5543"}
{"level":"info","message":"🔗 Test router mounted at /api/v1/test","timestamp":"2025-08-17 16:55:43:5543"}
{"level":"info","message":"🔗 Admin router mounted at /api/v1/admin","timestamp":"2025-08-17 16:55:43:5543"}
{"level":"info","message":"🔗 API key router mounted at /api/v1/api-keys","timestamp":"2025-08-17 16:55:43:5543"}
{"level":"info","message":"🔗 MCP router mounted at /api/v1/mcp","timestamp":"2025-08-17 16:55:43:5543"}
{"level":"info","message":"🔗 Direct debug route registered","timestamp":"2025-08-17 16:55:43:5543"}
{"level":"info","message":"✅ All routers imported successfully","timestamp":"2025-08-17 16:56:07:567"}
{"level":"info","message":"🔗 User router mounted at /api/v1/users","timestamp":"2025-08-17 16:56:07:567"}
{"level":"info","message":"🔗 FHE router mounted at /api/v1/fhe","timestamp":"2025-08-17 16:56:07:567"}
{"level":"info","message":"🔗 Chat router mounted at /api/v1/chat","timestamp":"2025-08-17 16:56:07:567"}
{"level":"info","message":"🔗 Test router mounted at /api/v1/test","timestamp":"2025-08-17 16:56:07:567"}
{"level":"info","message":"🔗 Admin router mounted at /api/v1/admin","timestamp":"2025-08-17 16:56:07:567"}
{"level":"info","message":"🔗 API key router mounted at /api/v1/api-keys","timestamp":"2025-08-17 16:56:07:567"}
{"level":"info","message":"🔗 MCP router mounted at /api/v1/mcp","timestamp":"2025-08-17 16:56:07:567"}
{"level":"info","message":"🔗 Direct debug route registered","timestamp":"2025-08-17 16:56:07:567"}
{"level":"info","message":"✅ All routers imported successfully","timestamp":"2025-08-17 16:56:21:5621"}
{"level":"info","message":"🔗 User router mounted at /api/v1/users","timestamp":"2025-08-17 16:56:21:5621"}
{"level":"info","message":"🔗 FHE router mounted at /api/v1/fhe","timestamp":"2025-08-17 16:56:21:5621"}
{"level":"info","message":"🔗 Chat router mounted at /api/v1/chat","timestamp":"2025-08-17 16:56:21:5621"}
{"level":"info","message":"🔗 Test router mounted at /api/v1/test","timestamp":"2025-08-17 16:56:21:5621"}
{"level":"info","message":"🔗 Admin router mounted at /api/v1/admin","timestamp":"2025-08-17 16:56:21:5621"}
{"level":"info","message":"🔗 API key router mounted at /api/v1/api-keys","timestamp":"2025-08-17 16:56:21:5621"}
{"level":"info","message":"🔗 MCP router mounted at /api/v1/mcp","timestamp":"2025-08-17 16:56:21:5621"}
{"level":"info","message":"🔗 Direct debug route registered","timestamp":"2025-08-17 16:56:21:5621"}
{"level":"info","message":"✅ All routers imported successfully","timestamp":"2025-08-17 16:56:31:5631"}
{"level":"info","message":"🔗 User router mounted at /api/v1/users","timestamp":"2025-08-17 16:56:31:5631"}
{"level":"info","message":"🔗 FHE router mounted at /api/v1/fhe","timestamp":"2025-08-17 16:56:31:5631"}
{"level":"info","message":"🔗 Chat router mounted at /api/v1/chat","timestamp":"2025-08-17 16:56:31:5631"}
{"level":"info","message":"🔗 Test router mounted at /api/v1/test","timestamp":"2025-08-17 16:56:31:5631"}
{"level":"info","message":"🔗 Admin router mounted at /api/v1/admin","timestamp":"2025-08-17 16:56:31:5631"}
{"level":"info","message":"🔗 API key router mounted at /api/v1/api-keys","timestamp":"2025-08-17 16:56:31:5631"}
{"level":"info","message":"🔗 MCP router mounted at /api/v1/mcp","timestamp":"2025-08-17 16:56:31:5631"}
{"level":"info","message":"🔗 Direct debug route registered","timestamp":"2025-08-17 16:56:31:5631"}
{"level":"info","message":"✅ All routers imported successfully","timestamp":"2025-08-17 16:56:41:5641"}
{"level":"info","message":"🔗 User router mounted at /api/v1/users","timestamp":"2025-08-17 16:56:41:5641"}
{"level":"info","message":"🔗 FHE router mounted at /api/v1/fhe","timestamp":"2025-08-17 16:56:41:5641"}
{"level":"info","message":"🔗 Chat router mounted at /api/v1/chat","timestamp":"2025-08-17 16:56:41:5641"}
{"level":"info","message":"🔗 Test router mounted at /api/v1/test","timestamp":"2025-08-17 16:56:41:5641"}
{"level":"info","message":"🔗 Admin router mounted at /api/v1/admin","timestamp":"2025-08-17 16:56:41:5641"}
{"level":"info","message":"🔗 API key router mounted at /api/v1/api-keys","timestamp":"2025-08-17 16:56:41:5641"}
{"level":"info","message":"🔗 MCP router mounted at /api/v1/mcp","timestamp":"2025-08-17 16:56:41:5641"}
{"level":"info","message":"🔗 Direct debug route registered","timestamp":"2025-08-17 16:56:41:5641"}
{"level":"info","message":"SIGINT received. Starting graceful shutdown...","timestamp":"2025-08-17 17:21:55:2155"}
{"level":"info","message":"✅ All routers imported successfully","timestamp":"2025-08-17 17:24:02:242"}
{"level":"info","message":"🔗 User router mounted at /api/v1/users","timestamp":"2025-08-17 17:24:02:242"}
{"level":"info","message":"🔗 FHE router mounted at /api/v1/fhe","timestamp":"2025-08-17 17:24:02:242"}
{"level":"info","message":"🔗 Chat router mounted at /api/v1/chat","timestamp":"2025-08-17 17:24:02:242"}
{"level":"info","message":"🔗 Test router mounted at /api/v1/test","timestamp":"2025-08-17 17:24:02:242"}
{"level":"info","message":"🔗 Admin router mounted at /api/v1/admin","timestamp":"2025-08-17 17:24:02:242"}
{"level":"info","message":"🔗 API key router mounted at /api/v1/api-keys","timestamp":"2025-08-17 17:24:02:242"}
{"level":"info","message":"🔗 MCP router mounted at /api/v1/mcp","timestamp":"2025-08-17 17:24:02:242"}
{"level":"info","message":"🔗 Direct debug route registered","timestamp":"2025-08-17 17:24:02:242"}
{"ip":"::1","level":"warn","message":"Client Error: Unauthorized request","method":"GET","params":{},"query":{},"statusCode":401,"timestamp":"2025-08-17 17:24:37:2437","url":"/api/v1/chat/models","userAgent":"Mozilla/5.0 (Windows NT 10.0; Win64; x64) AppleWebKit/537.36 (KHTML, like Gecko) Code/1.103.0 Chrome/138.0.7204.100 Electron/37.2.3 Safari/537.36"}
{"ip":"::1","level":"warn","message":"API Request Client Error","method":"GET","responseTime":"5ms","statusCode":401,"timestamp":"2025-08-17 17:24:37:2437","url":"/api/v1/chat/models","userAgent":"Mozilla/5.0 (Windows NT 10.0; Win64; x64) AppleWebKit/537.36 (KHTML, like Gecko) Code/1.103.0 Chrome/138.0.7204.100 Electron/37.2.3 Safari/537.36"}
{"ip":"::1","level":"warn","message":"404 - Route not found","method":"GET","timestamp":"2025-08-17 17:25:02:252","url":"/api-keys","userAgent":"Mozilla/5.0 (Windows NT 10.0; Win64; x64) AppleWebKit/537.36 (KHTML, like Gecko) Chrome/139.0.0.0 Safari/537.36 Edg/139.0.0.0"}
{"ip":"::1","level":"warn","message":"API Request Client Error","method":"GET","responseTime":"3ms","statusCode":404,"timestamp":"2025-08-17 17:25:02:252","url":"/api-keys","userAgent":"Mozilla/5.0 (Windows NT 10.0; Win64; x64) AppleWebKit/537.36 (KHTML, like Gecko) Chrome/139.0.0.0 Safari/537.36 Edg/139.0.0.0"}
{"ip":"::1","level":"warn","message":"Client Error: Unauthorized request","method":"GET","params":{},"query":{},"statusCode":401,"timestamp":"2025-08-17 17:25:07:257","url":"/api/v1/chat/models","userAgent":"Mozilla/5.0 (Windows NT 10.0; Win64; x64) AppleWebKit/537.36 (KHTML, like Gecko) Code/1.103.0 Chrome/138.0.7204.100 Electron/37.2.3 Safari/537.36"}
{"ip":"::1","level":"warn","message":"API Request Client Error","method":"GET","responseTime":"1ms","statusCode":401,"timestamp":"2025-08-17 17:25:07:257","url":"/api/v1/chat/models","userAgent":"Mozilla/5.0 (Windows NT 10.0; Win64; x64) AppleWebKit/537.36 (KHTML, like Gecko) Code/1.103.0 Chrome/138.0.7204.100 Electron/37.2.3 Safari/537.36"}
{"ip":"::1","level":"error","message":"API Request Error","method":"GET","responseTime":"66ms","statusCode":500,"timestamp":"2025-08-17 17:25:27:2527","url":"/api/v1/chat/models","userAgent":"Mozilla/5.0 (Windows NT 10.0; Win64; x64) AppleWebKit/537.36 (KHTML, like Gecko) Chrome/139.0.0.0 Safari/537.36 Edg/139.0.0.0","userId":"6890bc025f44f5ac5c348507"}
{"ip":"::1","level":"warn","message":"Client Error: Unauthorized request","method":"GET","params":{},"query":{},"statusCode":401,"timestamp":"2025-08-17 17:25:37:2537","url":"/api/v1/chat/models","userAgent":"Mozilla/5.0 (Windows NT 10.0; Win64; x64) AppleWebKit/537.36 (KHTML, like Gecko) Code/1.103.0 Chrome/138.0.7204.100 Electron/37.2.3 Safari/537.36"}
{"ip":"::1","level":"warn","message":"API Request Client Error","method":"GET","responseTime":"1ms","statusCode":401,"timestamp":"2025-08-17 17:25:37:2537","url":"/api/v1/chat/models","userAgent":"Mozilla/5.0 (Windows NT 10.0; Win64; x64) AppleWebKit/537.36 (KHTML, like Gecko) Code/1.103.0 Chrome/138.0.7204.100 Electron/37.2.3 Safari/537.36"}
{"ip":"::1","level":"error","message":"API Request Error","method":"GET","responseTime":"34ms","statusCode":500,"timestamp":"2025-08-17 17:25:57:2557","url":"/api/v1/chat/models","userAgent":"Mozilla/5.0 (Windows NT 10.0; Win64; x64) AppleWebKit/537.36 (KHTML, like Gecko) Chrome/139.0.0.0 Safari/537.36 Edg/139.0.0.0","userId":"6890bc025f44f5ac5c348507"}
{"ip":"::1","level":"warn","message":"Client Error: Unauthorized request","method":"GET","params":{},"query":{},"statusCode":401,"timestamp":"2025-08-17 17:26:07:267","url":"/api/v1/chat/models","userAgent":"Mozilla/5.0 (Windows NT 10.0; Win64; x64) AppleWebKit/537.36 (KHTML, like Gecko) Code/1.103.0 Chrome/138.0.7204.100 Electron/37.2.3 Safari/537.36"}
{"ip":"::1","level":"warn","message":"API Request Client Error","method":"GET","responseTime":"1ms","statusCode":401,"timestamp":"2025-08-17 17:26:07:267","url":"/api/v1/chat/models","userAgent":"Mozilla/5.0 (Windows NT 10.0; Win64; x64) AppleWebKit/537.36 (KHTML, like Gecko) Code/1.103.0 Chrome/138.0.7204.100 Electron/37.2.3 Safari/537.36"}
{"ip":"::1","level":"error","message":"API Request Error","method":"GET","responseTime":"32ms","statusCode":500,"timestamp":"2025-08-17 17:26:27:2627","url":"/api/v1/chat/models","userAgent":"Mozilla/5.0 (Windows NT 10.0; Win64; x64) AppleWebKit/537.36 (KHTML, like Gecko) Chrome/139.0.0.0 Safari/537.36 Edg/139.0.0.0","userId":"6890bc025f44f5ac5c348507"}
{"ip":"::1","level":"warn","message":"Client Error: Unauthorized request","method":"GET","params":{},"query":{},"statusCode":401,"timestamp":"2025-08-17 17:26:37:2637","url":"/api/v1/chat/models","userAgent":"Mozilla/5.0 (Windows NT 10.0; Win64; x64) AppleWebKit/537.36 (KHTML, like Gecko) Code/1.103.0 Chrome/138.0.7204.100 Electron/37.2.3 Safari/537.36"}
{"ip":"::1","level":"warn","message":"API Request Client Error","method":"GET","responseTime":"1ms","statusCode":401,"timestamp":"2025-08-17 17:26:37:2637","url":"/api/v1/chat/models","userAgent":"Mozilla/5.0 (Windows NT 10.0; Win64; x64) AppleWebKit/537.36 (KHTML, like Gecko) Code/1.103.0 Chrome/138.0.7204.100 Electron/37.2.3 Safari/537.36"}
{"ip":"::1","level":"error","message":"API Request Error","method":"GET","responseTime":"33ms","statusCode":500,"timestamp":"2025-08-17 17:26:57:2657","url":"/api/v1/chat/models","userAgent":"Mozilla/5.0 (Windows NT 10.0; Win64; x64) AppleWebKit/537.36 (KHTML, like Gecko) Chrome/139.0.0.0 Safari/537.36 Edg/139.0.0.0","userId":"6890bc025f44f5ac5c348507"}
{"ip":"::1","level":"warn","message":"Client Error: Unauthorized request","method":"GET","params":{},"query":{},"statusCode":401,"timestamp":"2025-08-17 17:27:07:277","url":"/api/v1/chat/models","userAgent":"Mozilla/5.0 (Windows NT 10.0; Win64; x64) AppleWebKit/537.36 (KHTML, like Gecko) Code/1.103.0 Chrome/138.0.7204.100 Electron/37.2.3 Safari/537.36"}
{"ip":"::1","level":"warn","message":"API Request Client Error","method":"GET","responseTime":"1ms","statusCode":401,"timestamp":"2025-08-17 17:27:07:277","url":"/api/v1/chat/models","userAgent":"Mozilla/5.0 (Windows NT 10.0; Win64; x64) AppleWebKit/537.36 (KHTML, like Gecko) Code/1.103.0 Chrome/138.0.7204.100 Electron/37.2.3 Safari/537.36"}
{"ip":"::1","level":"error","message":"API Request Error","method":"GET","responseTime":"57ms","statusCode":500,"timestamp":"2025-08-17 17:27:27:2727","url":"/api/v1/chat/models","userAgent":"Mozilla/5.0 (Windows NT 10.0; Win64; x64) AppleWebKit/537.36 (KHTML, like Gecko) Chrome/139.0.0.0 Safari/537.36 Edg/139.0.0.0","userId":"6890bc025f44f5ac5c348507"}
{"ip":"::1","level":"warn","message":"Client Error: Unauthorized request","method":"GET","params":{},"query":{},"statusCode":401,"timestamp":"2025-08-17 17:27:37:2737","url":"/api/v1/chat/models","userAgent":"Mozilla/5.0 (Windows NT 10.0; Win64; x64) AppleWebKit/537.36 (KHTML, like Gecko) Code/1.103.0 Chrome/138.0.7204.100 Electron/37.2.3 Safari/537.36"}
{"ip":"::1","level":"warn","message":"API Request Client Error","method":"GET","responseTime":"2ms","statusCode":401,"timestamp":"2025-08-17 17:27:37:2737","url":"/api/v1/chat/models","userAgent":"Mozilla/5.0 (Windows NT 10.0; Win64; x64) AppleWebKit/537.36 (KHTML, like Gecko) Code/1.103.0 Chrome/138.0.7204.100 Electron/37.2.3 Safari/537.36"}
{"ip":"::1","level":"error","message":"API Request Error","method":"GET","responseTime":"92ms","statusCode":500,"timestamp":"2025-08-17 17:27:58:2758","url":"/api/v1/chat/models","userAgent":"Mozilla/5.0 (Windows NT 10.0; Win64; x64) AppleWebKit/537.36 (KHTML, like Gecko) Chrome/139.0.0.0 Safari/537.36 Edg/139.0.0.0","userId":"6890bc025f44f5ac5c348507"}
{"ip":"::1","level":"warn","message":"Client Error: Unauthorized request","method":"GET","params":{},"query":{},"statusCode":401,"timestamp":"2025-08-17 17:28:07:287","url":"/api/v1/chat/models","userAgent":"Mozilla/5.0 (Windows NT 10.0; Win64; x64) AppleWebKit/537.36 (KHTML, like Gecko) Code/1.103.0 Chrome/138.0.7204.100 Electron/37.2.3 Safari/537.36"}
{"ip":"::1","level":"warn","message":"API Request Client Error","method":"GET","responseTime":"0ms","statusCode":401,"timestamp":"2025-08-17 17:28:07:287","url":"/api/v1/chat/models","userAgent":"Mozilla/5.0 (Windows NT 10.0; Win64; x64) AppleWebKit/537.36 (KHTML, like Gecko) Code/1.103.0 Chrome/138.0.7204.100 Electron/37.2.3 Safari/537.36"}
{"ip":"::1","level":"error","message":"API Request Error","method":"GET","responseTime":"66ms","statusCode":500,"timestamp":"2025-08-17 17:28:27:2827","url":"/api/v1/chat/models","userAgent":"Mozilla/5.0 (Windows NT 10.0; Win64; x64) AppleWebKit/537.36 (KHTML, like Gecko) Chrome/139.0.0.0 Safari/537.36 Edg/139.0.0.0","userId":"6890bc025f44f5ac5c348507"}
{"ip":"::1","level":"warn","message":"Client Error: Unauthorized request","method":"GET","params":{},"query":{},"statusCode":401,"timestamp":"2025-08-17 17:28:37:2837","url":"/api/v1/chat/models","userAgent":"Mozilla/5.0 (Windows NT 10.0; Win64; x64) AppleWebKit/537.36 (KHTML, like Gecko) Code/1.103.0 Chrome/138.0.7204.100 Electron/37.2.3 Safari/537.36"}
{"ip":"::1","level":"warn","message":"API Request Client Error","method":"GET","responseTime":"1ms","statusCode":401,"timestamp":"2025-08-17 17:28:37:2837","url":"/api/v1/chat/models","userAgent":"Mozilla/5.0 (Windows NT 10.0; Win64; x64) AppleWebKit/537.36 (KHTML, like Gecko) Code/1.103.0 Chrome/138.0.7204.100 Electron/37.2.3 Safari/537.36"}
{"ip":"::1","level":"warn","message":"Client Error: Unauthorized request","method":"GET","params":{},"query":{},"statusCode":401,"timestamp":"2025-08-17 17:29:07:297","url":"/api/v1/chat/models","userAgent":"Mozilla/5.0 (Windows NT 10.0; Win64; x64) AppleWebKit/537.36 (KHTML, like Gecko) Code/1.103.0 Chrome/138.0.7204.100 Electron/37.2.3 Safari/537.36"}
{"ip":"::1","level":"warn","message":"API Request Client Error","method":"GET","responseTime":"1ms","statusCode":401,"timestamp":"2025-08-17 17:29:07:297","url":"/api/v1/chat/models","userAgent":"Mozilla/5.0 (Windows NT 10.0; Win64; x64) AppleWebKit/537.36 (KHTML, like Gecko) Code/1.103.0 Chrome/138.0.7204.100 Electron/37.2.3 Safari/537.36"}
{"ip":"::1","level":"warn","message":"Client Error: Unauthorized request","method":"GET","params":{},"query":{},"statusCode":401,"timestamp":"2025-08-17 17:29:37:2937","url":"/api/v1/chat/models","userAgent":"Mozilla/5.0 (Windows NT 10.0; Win64; x64) AppleWebKit/537.36 (KHTML, like Gecko) Code/1.103.0 Chrome/138.0.7204.100 Electron/37.2.3 Safari/537.36"}
{"ip":"::1","level":"warn","message":"API Request Client Error","method":"GET","responseTime":"1ms","statusCode":401,"timestamp":"2025-08-17 17:29:37:2937","url":"/api/v1/chat/models","userAgent":"Mozilla/5.0 (Windows NT 10.0; Win64; x64) AppleWebKit/537.36 (KHTML, like Gecko) Code/1.103.0 Chrome/138.0.7204.100 Electron/37.2.3 Safari/537.36"}
{"ip":"::1","level":"warn","message":"Client Error: Unauthorized request","method":"GET","params":{},"query":{},"statusCode":401,"timestamp":"2025-08-17 17:30:07:307","url":"/api/v1/chat/models","userAgent":"Mozilla/5.0 (Windows NT 10.0; Win64; x64) AppleWebKit/537.36 (KHTML, like Gecko) Code/1.103.0 Chrome/138.0.7204.100 Electron/37.2.3 Safari/537.36"}
{"ip":"::1","level":"warn","message":"API Request Client Error","method":"GET","responseTime":"1ms","statusCode":401,"timestamp":"2025-08-17 17:30:07:307","url":"/api/v1/chat/models","userAgent":"Mozilla/5.0 (Windows NT 10.0; Win64; x64) AppleWebKit/537.36 (KHTML, like Gecko) Code/1.103.0 Chrome/138.0.7204.100 Electron/37.2.3 Safari/537.36"}
{"ip":"::1","level":"error","message":"API Request Error","method":"GET","responseTime":"105ms","statusCode":500,"timestamp":"2025-08-17 17:30:25:3025","url":"/api/v1/chat/models","userAgent":"Mozilla/5.0 (Windows NT 10.0; Win64; x64) AppleWebKit/537.36 (KHTML, like Gecko) Chrome/139.0.0.0 Safari/537.36 Edg/139.0.0.0","userId":"6890bc025f44f5ac5c348507"}
{"ip":"::1","level":"error","message":"API Request Error","method":"GET","responseTime":"94ms","statusCode":500,"timestamp":"2025-08-17 17:30:29:3029","url":"/api/v1/chat/models","userAgent":"Mozilla/5.0 (Windows NT 10.0; Win64; x64) AppleWebKit/537.36 (KHTML, like Gecko) Chrome/139.0.0.0 Safari/537.36 Edg/139.0.0.0","userId":"6890bc025f44f5ac5c348507"}
{"ip":"::1","level":"warn","message":"Client Error: Unauthorized request","method":"GET","params":{},"query":{},"statusCode":401,"timestamp":"2025-08-17 17:30:37:3037","url":"/api/v1/chat/models","userAgent":"Mozilla/5.0 (Windows NT 10.0; Win64; x64) AppleWebKit/537.36 (KHTML, like Gecko) Code/1.103.0 Chrome/138.0.7204.100 Electron/37.2.3 Safari/537.36"}
{"ip":"::1","level":"warn","message":"API Request Client Error","method":"GET","responseTime":"1ms","statusCode":401,"timestamp":"2025-08-17 17:30:37:3037","url":"/api/v1/chat/models","userAgent":"Mozilla/5.0 (Windows NT 10.0; Win64; x64) AppleWebKit/537.36 (KHTML, like Gecko) Code/1.103.0 Chrome/138.0.7204.100 Electron/37.2.3 Safari/537.36"}
{"ip":"::1","level":"error","message":"API Request Error","method":"GET","responseTime":"104ms","statusCode":500,"timestamp":"2025-08-17 17:30:40:3040","url":"/api/v1/chat/models","userAgent":"Mozilla/5.0 (Windows NT 10.0; Win64; x64) AppleWebKit/537.36 (KHTML, like Gecko) Chrome/139.0.0.0 Safari/537.36 Edg/139.0.0.0","userId":"6890bc025f44f5ac5c348507"}
{"level":"info","message":"✅ All routers imported successfully","timestamp":"2025-08-17 17:31:00:310"}
{"level":"info","message":"🔗 User router mounted at /api/v1/users","timestamp":"2025-08-17 17:31:00:310"}
{"level":"info","message":"🔗 FHE router mounted at /api/v1/fhe","timestamp":"2025-08-17 17:31:00:310"}
{"level":"info","message":"🔗 Chat router mounted at /api/v1/chat","timestamp":"2025-08-17 17:31:00:310"}
{"level":"info","message":"🔗 Test router mounted at /api/v1/test","timestamp":"2025-08-17 17:31:00:310"}
{"level":"info","message":"🔗 Admin router mounted at /api/v1/admin","timestamp":"2025-08-17 17:31:00:310"}
{"level":"info","message":"🔗 API key router mounted at /api/v1/api-keys","timestamp":"2025-08-17 17:31:00:310"}
{"level":"info","message":"🔗 MCP router mounted at /api/v1/mcp","timestamp":"2025-08-17 17:31:00:310"}
{"level":"info","message":"🔗 Direct debug route registered","timestamp":"2025-08-17 17:31:00:310"}
{"ip":"::1","level":"warn","message":"Client Error: Unauthorized request","method":"GET","params":{},"query":{},"statusCode":401,"timestamp":"2025-08-17 17:31:29:3129","url":"/api/v1/chat/models","userAgent":"Mozilla/5.0 (Windows NT 10.0; Win64; x64) AppleWebKit/537.36 (KHTML, like Gecko) Code/1.103.0 Chrome/138.0.7204.100 Electron/37.2.3 Safari/537.36"}
{"ip":"::1","level":"warn","message":"API Request Client Error","method":"GET","responseTime":"5ms","statusCode":401,"timestamp":"2025-08-17 17:31:29:3129","url":"/api/v1/chat/models","userAgent":"Mozilla/5.0 (Windows NT 10.0; Win64; x64) AppleWebKit/537.36 (KHTML, like Gecko) Code/1.103.0 Chrome/138.0.7204.100 Electron/37.2.3 Safari/537.36"}
{"ip":"::1","level":"error","message":"API Request Error","method":"GET","responseTime":"132ms","statusCode":500,"timestamp":"2025-08-17 17:31:30:3130","url":"/api/v1/chat/models","userAgent":"Mozilla/5.0 (Windows NT 10.0; Win64; x64) AppleWebKit/537.36 (KHTML, like Gecko) Chrome/139.0.0.0 Safari/537.36 Edg/139.0.0.0","userId":"6890bc025f44f5ac5c348507"}
{"ip":"::1","level":"warn","message":"Client Error: Unauthorized request","method":"GET","params":{},"query":{},"statusCode":401,"timestamp":"2025-08-17 17:31:59:3159","url":"/api/v1/chat/models","userAgent":"Mozilla/5.0 (Windows NT 10.0; Win64; x64) AppleWebKit/537.36 (KHTML, like Gecko) Code/1.103.0 Chrome/138.0.7204.100 Electron/37.2.3 Safari/537.36"}
{"ip":"::1","level":"warn","message":"API Request Client Error","method":"GET","responseTime":"2ms","statusCode":401,"timestamp":"2025-08-17 17:31:59:3159","url":"/api/v1/chat/models","userAgent":"Mozilla/5.0 (Windows NT 10.0; Win64; x64) AppleWebKit/537.36 (KHTML, like Gecko) Code/1.103.0 Chrome/138.0.7204.100 Electron/37.2.3 Safari/537.36"}
{"ip":"::1","level":"error","message":"API Request Error","method":"GET","responseTime":"119ms","statusCode":500,"timestamp":"2025-08-17 17:32:00:320","url":"/api/v1/chat/models","userAgent":"Mozilla/5.0 (Windows NT 10.0; Win64; x64) AppleWebKit/537.36 (KHTML, like Gecko) Chrome/139.0.0.0 Safari/537.36 Edg/139.0.0.0","userId":"6890bc025f44f5ac5c348507"}
{"ip":"::1","level":"warn","message":"Client Error: Unauthorized request","method":"GET","params":{},"query":{},"statusCode":401,"timestamp":"2025-08-17 17:32:29:3229","url":"/api/v1/chat/models","userAgent":"Mozilla/5.0 (Windows NT 10.0; Win64; x64) AppleWebKit/537.36 (KHTML, like Gecko) Code/1.103.0 Chrome/138.0.7204.100 Electron/37.2.3 Safari/537.36"}
{"ip":"::1","level":"warn","message":"API Request Client Error","method":"GET","responseTime":"2ms","statusCode":401,"timestamp":"2025-08-17 17:32:29:3229","url":"/api/v1/chat/models","userAgent":"Mozilla/5.0 (Windows NT 10.0; Win64; x64) AppleWebKit/537.36 (KHTML, like Gecko) Code/1.103.0 Chrome/138.0.7204.100 Electron/37.2.3 Safari/537.36"}
{"ip":"::1","level":"warn","message":"Client Error: Unauthorized request","method":"GET","params":{},"query":{},"statusCode":401,"timestamp":"2025-08-17 17:32:59:3259","url":"/api/v1/chat/models","userAgent":"Mozilla/5.0 (Windows NT 10.0; Win64; x64) AppleWebKit/537.36 (KHTML, like Gecko) Code/1.103.0 Chrome/138.0.7204.100 Electron/37.2.3 Safari/537.36"}
{"ip":"::1","level":"warn","message":"API Request Client Error","method":"GET","responseTime":"1ms","statusCode":401,"timestamp":"2025-08-17 17:32:59:3259","url":"/api/v1/chat/models","userAgent":"Mozilla/5.0 (Windows NT 10.0; Win64; x64) AppleWebKit/537.36 (KHTML, like Gecko) Code/1.103.0 Chrome/138.0.7204.100 Electron/37.2.3 Safari/537.36"}
{"ip":"::1","level":"warn","message":"Client Error: Unauthorized request","method":"GET","params":{},"query":{},"statusCode":401,"timestamp":"2025-08-17 17:33:29:3329","url":"/api/v1/chat/models","userAgent":"Mozilla/5.0 (Windows NT 10.0; Win64; x64) AppleWebKit/537.36 (KHTML, like Gecko) Code/1.103.0 Chrome/138.0.7204.100 Electron/37.2.3 Safari/537.36"}
{"ip":"::1","level":"warn","message":"API Request Client Error","method":"GET","responseTime":"2ms","statusCode":401,"timestamp":"2025-08-17 17:33:29:3329","url":"/api/v1/chat/models","userAgent":"Mozilla/5.0 (Windows NT 10.0; Win64; x64) AppleWebKit/537.36 (KHTML, like Gecko) Code/1.103.0 Chrome/138.0.7204.100 Electron/37.2.3 Safari/537.36"}
{"ip":"::1","level":"warn","message":"Client Error: Unauthorized request","method":"GET","params":{},"query":{},"statusCode":401,"timestamp":"2025-08-17 17:33:59:3359","url":"/api/v1/chat/models","userAgent":"Mozilla/5.0 (Windows NT 10.0; Win64; x64) AppleWebKit/537.36 (KHTML, like Gecko) Code/1.103.0 Chrome/138.0.7204.100 Electron/37.2.3 Safari/537.36"}
{"ip":"::1","level":"warn","message":"API Request Client Error","method":"GET","responseTime":"2ms","statusCode":401,"timestamp":"2025-08-17 17:33:59:3359","url":"/api/v1/chat/models","userAgent":"Mozilla/5.0 (Windows NT 10.0; Win64; x64) AppleWebKit/537.36 (KHTML, like Gecko) Code/1.103.0 Chrome/138.0.7204.100 Electron/37.2.3 Safari/537.36"}
{"ip":"::1","level":"warn","message":"Client Error: Unauthorized request","method":"GET","params":{},"query":{},"statusCode":401,"timestamp":"2025-08-17 17:34:29:3429","url":"/api/v1/chat/models","userAgent":"Mozilla/5.0 (Windows NT 10.0; Win64; x64) AppleWebKit/537.36 (KHTML, like Gecko) Code/1.103.0 Chrome/138.0.7204.100 Electron/37.2.3 Safari/537.36"}
{"ip":"::1","level":"warn","message":"API Request Client Error","method":"GET","responseTime":"1ms","statusCode":401,"timestamp":"2025-08-17 17:34:29:3429","url":"/api/v1/chat/models","userAgent":"Mozilla/5.0 (Windows NT 10.0; Win64; x64) AppleWebKit/537.36 (KHTML, like Gecko) Code/1.103.0 Chrome/138.0.7204.100 Electron/37.2.3 Safari/537.36"}
{"ip":"::1","level":"warn","message":"Client Error: Unauthorized request","method":"GET","params":{},"query":{},"statusCode":401,"timestamp":"2025-08-17 17:34:59:3459","url":"/api/v1/chat/models","userAgent":"Mozilla/5.0 (Windows NT 10.0; Win64; x64) AppleWebKit/537.36 (KHTML, like Gecko) Code/1.103.0 Chrome/138.0.7204.100 Electron/37.2.3 Safari/537.36"}
{"ip":"::1","level":"warn","message":"API Request Client Error","method":"GET","responseTime":"1ms","statusCode":401,"timestamp":"2025-08-17 17:34:59:3459","url":"/api/v1/chat/models","userAgent":"Mozilla/5.0 (Windows NT 10.0; Win64; x64) AppleWebKit/537.36 (KHTML, like Gecko) Code/1.103.0 Chrome/138.0.7204.100 Electron/37.2.3 Safari/537.36"}
{"ip":"::1","level":"warn","message":"Client Error: Unauthorized request","method":"GET","params":{},"query":{},"statusCode":401,"timestamp":"2025-08-17 17:35:29:3529","url":"/api/v1/chat/models","userAgent":"Mozilla/5.0 (Windows NT 10.0; Win64; x64) AppleWebKit/537.36 (KHTML, like Gecko) Code/1.103.0 Chrome/138.0.7204.100 Electron/37.2.3 Safari/537.36"}
{"ip":"::1","level":"warn","message":"API Request Client Error","method":"GET","responseTime":"1ms","statusCode":401,"timestamp":"2025-08-17 17:35:29:3529","url":"/api/v1/chat/models","userAgent":"Mozilla/5.0 (Windows NT 10.0; Win64; x64) AppleWebKit/537.36 (KHTML, like Gecko) Code/1.103.0 Chrome/138.0.7204.100 Electron/37.2.3 Safari/537.36"}
{"ip":"::1","level":"warn","message":"Client Error: Unauthorized request","method":"GET","params":{},"query":{},"statusCode":401,"timestamp":"2025-08-17 17:35:59:3559","url":"/api/v1/chat/models","userAgent":"Mozilla/5.0 (Windows NT 10.0; Win64; x64) AppleWebKit/537.36 (KHTML, like Gecko) Code/1.103.0 Chrome/138.0.7204.100 Electron/37.2.3 Safari/537.36"}
{"ip":"::1","level":"warn","message":"API Request Client Error","method":"GET","responseTime":"1ms","statusCode":401,"timestamp":"2025-08-17 17:35:59:3559","url":"/api/v1/chat/models","userAgent":"Mozilla/5.0 (Windows NT 10.0; Win64; x64) AppleWebKit/537.36 (KHTML, like Gecko) Code/1.103.0 Chrome/138.0.7204.100 Electron/37.2.3 Safari/537.36"}
{"ip":"::1","level":"warn","message":"Client Error: Unauthorized request","method":"GET","params":{},"query":{},"statusCode":401,"timestamp":"2025-08-17 17:36:29:3629","url":"/api/v1/chat/models","userAgent":"Mozilla/5.0 (Windows NT 10.0; Win64; x64) AppleWebKit/537.36 (KHTML, like Gecko) Code/1.103.0 Chrome/138.0.7204.100 Electron/37.2.3 Safari/537.36"}
{"ip":"::1","level":"warn","message":"API Request Client Error","method":"GET","responseTime":"1ms","statusCode":401,"timestamp":"2025-08-17 17:36:29:3629","url":"/api/v1/chat/models","userAgent":"Mozilla/5.0 (Windows NT 10.0; Win64; x64) AppleWebKit/537.36 (KHTML, like Gecko) Code/1.103.0 Chrome/138.0.7204.100 Electron/37.2.3 Safari/537.36"}
{"ip":"::1","level":"warn","message":"Client Error: Unauthorized request","method":"GET","params":{},"query":{},"statusCode":401,"timestamp":"2025-08-17 17:36:59:3659","url":"/api/v1/chat/models","userAgent":"Mozilla/5.0 (Windows NT 10.0; Win64; x64) AppleWebKit/537.36 (KHTML, like Gecko) Code/1.103.0 Chrome/138.0.7204.100 Electron/37.2.3 Safari/537.36"}
{"ip":"::1","level":"warn","message":"API Request Client Error","method":"GET","responseTime":"2ms","statusCode":401,"timestamp":"2025-08-17 17:36:59:3659","url":"/api/v1/chat/models","userAgent":"Mozilla/5.0 (Windows NT 10.0; Win64; x64) AppleWebKit/537.36 (KHTML, like Gecko) Code/1.103.0 Chrome/138.0.7204.100 Electron/37.2.3 Safari/537.36"}
{"ip":"::1","level":"warn","message":"Client Error: Unauthorized request","method":"GET","params":{},"query":{},"statusCode":401,"timestamp":"2025-08-17 17:37:29:3729","url":"/api/v1/chat/models","userAgent":"Mozilla/5.0 (Windows NT 10.0; Win64; x64) AppleWebKit/537.36 (KHTML, like Gecko) Code/1.103.0 Chrome/138.0.7204.100 Electron/37.2.3 Safari/537.36"}
{"ip":"::1","level":"warn","message":"API Request Client Error","method":"GET","responseTime":"1ms","statusCode":401,"timestamp":"2025-08-17 17:37:29:3729","url":"/api/v1/chat/models","userAgent":"Mozilla/5.0 (Windows NT 10.0; Win64; x64) AppleWebKit/537.36 (KHTML, like Gecko) Code/1.103.0 Chrome/138.0.7204.100 Electron/37.2.3 Safari/537.36"}
{"ip":"::1","level":"warn","message":"Client Error: Unauthorized request","method":"GET","params":{},"query":{},"statusCode":401,"timestamp":"2025-08-17 17:37:59:3759","url":"/api/v1/chat/models","userAgent":"Mozilla/5.0 (Windows NT 10.0; Win64; x64) AppleWebKit/537.36 (KHTML, like Gecko) Code/1.103.0 Chrome/138.0.7204.100 Electron/37.2.3 Safari/537.36"}
{"ip":"::1","level":"warn","message":"API Request Client Error","method":"GET","responseTime":"1ms","statusCode":401,"timestamp":"2025-08-17 17:37:59:3759","url":"/api/v1/chat/models","userAgent":"Mozilla/5.0 (Windows NT 10.0; Win64; x64) AppleWebKit/537.36 (KHTML, like Gecko) Code/1.103.0 Chrome/138.0.7204.100 Electron/37.2.3 Safari/537.36"}
{"ip":"::1","level":"warn","message":"Client Error: Unauthorized request","method":"GET","params":{},"query":{},"statusCode":401,"timestamp":"2025-08-17 17:38:29:3829","url":"/api/v1/chat/models","userAgent":"Mozilla/5.0 (Windows NT 10.0; Win64; x64) AppleWebKit/537.36 (KHTML, like Gecko) Code/1.103.0 Chrome/138.0.7204.100 Electron/37.2.3 Safari/537.36"}
{"ip":"::1","level":"warn","message":"API Request Client Error","method":"GET","responseTime":"1ms","statusCode":401,"timestamp":"2025-08-17 17:38:29:3829","url":"/api/v1/chat/models","userAgent":"Mozilla/5.0 (Windows NT 10.0; Win64; x64) AppleWebKit/537.36 (KHTML, like Gecko) Code/1.103.0 Chrome/138.0.7204.100 Electron/37.2.3 Safari/537.36"}
{"ip":"::1","level":"error","message":"API Request Error","method":"GET","responseTime":"97ms","statusCode":500,"timestamp":"2025-08-17 17:38:37:3837","url":"/api/v1/chat/models","userAgent":"Mozilla/5.0 (Windows NT 10.0; Win64; x64) AppleWebKit/537.36 (KHTML, like Gecko) Chrome/139.0.0.0 Safari/537.36 Edg/139.0.0.0","userId":"6890bc025f44f5ac5c348507"}
{"ip":"::1","level":"error","message":"API Request Error","method":"GET","responseTime":"95ms","statusCode":500,"timestamp":"2025-08-17 17:38:39:3839","url":"/api/v1/chat/models","userAgent":"Mozilla/5.0 (Windows NT 10.0; Win64; x64) AppleWebKit/537.36 (KHTML, like Gecko) Chrome/139.0.0.0 Safari/537.36 Edg/139.0.0.0","userId":"6890bc025f44f5ac5c348507"}
{"ip":"::1","level":"error","message":"API Request Error","method":"GET","responseTime":"102ms","statusCode":500,"timestamp":"2025-08-17 17:38:46:3846","url":"/api/v1/chat/models","userAgent":"Mozilla/5.0 (Windows NT 10.0; Win64; x64) AppleWebKit/537.36 (KHTML, like Gecko) Chrome/139.0.0.0 Safari/537.36 Edg/139.0.0.0","userId":"6890bc025f44f5ac5c348507"}
{"ip":"::1","level":"warn","message":"Client Error: Unauthorized request","method":"GET","params":{},"query":{},"statusCode":401,"timestamp":"2025-08-17 17:38:59:3859","url":"/api/v1/chat/models","userAgent":"Mozilla/5.0 (Windows NT 10.0; Win64; x64) AppleWebKit/537.36 (KHTML, like Gecko) Code/1.103.0 Chrome/138.0.7204.100 Electron/37.2.3 Safari/537.36"}
{"ip":"::1","level":"warn","message":"API Request Client Error","method":"GET","responseTime":"1ms","statusCode":401,"timestamp":"2025-08-17 17:38:59:3859","url":"/api/v1/chat/models","userAgent":"Mozilla/5.0 (Windows NT 10.0; Win64; x64) AppleWebKit/537.36 (KHTML, like Gecko) Code/1.103.0 Chrome/138.0.7204.100 Electron/37.2.3 Safari/537.36"}
{"ip":"::1","level":"error","message":"API Request Error","method":"GET","responseTime":"83ms","statusCode":500,"timestamp":"2025-08-17 17:39:16:3916","url":"/api/v1/chat/models","userAgent":"Mozilla/5.0 (Windows NT 10.0; Win64; x64) AppleWebKit/537.36 (KHTML, like Gecko) Chrome/139.0.0.0 Safari/537.36 Edg/139.0.0.0","userId":"6890bc025f44f5ac5c348507"}
{"ip":"::1","level":"warn","message":"Client Error: Unauthorized request","method":"GET","params":{},"query":{},"statusCode":401,"timestamp":"2025-08-17 17:39:29:3929","url":"/api/v1/chat/models","userAgent":"Mozilla/5.0 (Windows NT 10.0; Win64; x64) AppleWebKit/537.36 (KHTML, like Gecko) Code/1.103.0 Chrome/138.0.7204.100 Electron/37.2.3 Safari/537.36"}
{"ip":"::1","level":"warn","message":"API Request Client Error","method":"GET","responseTime":"1ms","statusCode":401,"timestamp":"2025-08-17 17:39:29:3929","url":"/api/v1/chat/models","userAgent":"Mozilla/5.0 (Windows NT 10.0; Win64; x64) AppleWebKit/537.36 (KHTML, like Gecko) Code/1.103.0 Chrome/138.0.7204.100 Electron/37.2.3 Safari/537.36"}
{"ip":"::1","level":"warn","message":"Client Error: Unauthorized request","method":"GET","params":{},"query":{},"statusCode":401,"timestamp":"2025-08-17 17:39:59:3959","url":"/api/v1/chat/models","userAgent":"Mozilla/5.0 (Windows NT 10.0; Win64; x64) AppleWebKit/537.36 (KHTML, like Gecko) Code/1.103.0 Chrome/138.0.7204.100 Electron/37.2.3 Safari/537.36"}
{"ip":"::1","level":"warn","message":"API Request Client Error","method":"GET","responseTime":"2ms","statusCode":401,"timestamp":"2025-08-17 17:39:59:3959","url":"/api/v1/chat/models","userAgent":"Mozilla/5.0 (Windows NT 10.0; Win64; x64) AppleWebKit/537.36 (KHTML, like Gecko) Code/1.103.0 Chrome/138.0.7204.100 Electron/37.2.3 Safari/537.36"}
{"ip":"::1","level":"warn","message":"Client Error: Unauthorized request","method":"GET","params":{},"query":{},"statusCode":401,"timestamp":"2025-08-17 17:40:29:4029","url":"/api/v1/chat/models","userAgent":"Mozilla/5.0 (Windows NT 10.0; Win64; x64) AppleWebKit/537.36 (KHTML, like Gecko) Code/1.103.0 Chrome/138.0.7204.100 Electron/37.2.3 Safari/537.36"}
{"ip":"::1","level":"warn","message":"API Request Client Error","method":"GET","responseTime":"1ms","statusCode":401,"timestamp":"2025-08-17 17:40:29:4029","url":"/api/v1/chat/models","userAgent":"Mozilla/5.0 (Windows NT 10.0; Win64; x64) AppleWebKit/537.36 (KHTML, like Gecko) Code/1.103.0 Chrome/138.0.7204.100 Electron/37.2.3 Safari/537.36"}
{"ip":"::1","level":"warn","message":"Client Error: Unauthorized request","method":"GET","params":{},"query":{},"statusCode":401,"timestamp":"2025-08-17 17:40:59:4059","url":"/api/v1/chat/models","userAgent":"Mozilla/5.0 (Windows NT 10.0; Win64; x64) AppleWebKit/537.36 (KHTML, like Gecko) Code/1.103.0 Chrome/138.0.7204.100 Electron/37.2.3 Safari/537.36"}
{"ip":"::1","level":"warn","message":"API Request Client Error","method":"GET","responseTime":"1ms","statusCode":401,"timestamp":"2025-08-17 17:40:59:4059","url":"/api/v1/chat/models","userAgent":"Mozilla/5.0 (Windows NT 10.0; Win64; x64) AppleWebKit/537.36 (KHTML, like Gecko) Code/1.103.0 Chrome/138.0.7204.100 Electron/37.2.3 Safari/537.36"}
{"body":{"description":"","externalKey":"AIzaSyCwPdPcWKqBOdw74QyWQVa4vGnJ5Wi9O44","name":"new","permissions":["chat.access","fhe.encrypt","mcp.connect"],"provider":"google","rateLimit":{"requestsPerDay":10000,"requestsPerHour":1000,"requestsPerMinute":100}},"ip":"::1","level":"error","message":"Application Error crypto.createCipher is not a function","method":"POST","name":"TypeError","params":{},"query":{},"stack":"TypeError: crypto.createCipher is not a function\n    at apiKeySchema.statics.encryptExternalKey (file:///C:/programing/Secure%20Bridge/server/src/models/apikey.model.js:372:25)\n    at file:///C:/programing/Secure%20Bridge/server/src/routes/apikey.router.js:139:34\n    at file:///C:/programing/Secure%20Bridge/server/src/utils/asyncHandler.js:51:13\n    at Layer.handle [as handle_request] (C:\\programing\\Secure Bridge\\server\\node_modules\\express\\lib\\router\\layer.js:95:5)\n    at next (C:\\programing\\Secure Bridge\\server\\node_modules\\express\\lib\\router\\route.js:149:13)\n    at Route.dispatch (C:\\programing\\Secure Bridge\\server\\node_modules\\express\\lib\\router\\route.js:119:3)\n    at Layer.handle [as handle_request] (C:\\programing\\Secure Bridge\\server\\node_modules\\express\\lib\\router\\layer.js:95:5)\n    at C:\\programing\\Secure Bridge\\server\\node_modules\\express\\lib\\router\\index.js:284:15\n    at Function.process_params (C:\\programing\\Secure Bridge\\server\\node_modules\\express\\lib\\router\\index.js:346:12)\n    at next (C:\\programing\\Secure Bridge\\server\\node_modules\\express\\lib\\router\\index.js:280:10)","timestamp":"2025-08-17 17:41:23:4123","url":"/api/v1/api-keys","userAgent":"Mozilla/5.0 (Windows NT 10.0; Win64; x64) AppleWebKit/537.36 (KHTML, like Gecko) Chrome/139.0.0.0 Safari/537.36 Edg/139.0.0.0","userId":"6890bc025f44f5ac5c348507"}
{"ip":"::1","level":"error","message":"API Request Error","method":"POST","responseTime":"164ms","statusCode":500,"timestamp":"2025-08-17 17:41:23:4123","url":"/api/v1/api-keys","userAgent":"Mozilla/5.0 (Windows NT 10.0; Win64; x64) AppleWebKit/537.36 (KHTML, like Gecko) Chrome/139.0.0.0 Safari/537.36 Edg/139.0.0.0","userId":"6890bc025f44f5ac5c348507"}
{"ip":"::1","level":"warn","message":"Client Error: Unauthorized request","method":"GET","params":{},"query":{},"statusCode":401,"timestamp":"2025-08-17 17:41:29:4129","url":"/api/v1/chat/models","userAgent":"Mozilla/5.0 (Windows NT 10.0; Win64; x64) AppleWebKit/537.36 (KHTML, like Gecko) Code/1.103.0 Chrome/138.0.7204.100 Electron/37.2.3 Safari/537.36"}
{"ip":"::1","level":"warn","message":"API Request Client Error","method":"GET","responseTime":"2ms","statusCode":401,"timestamp":"2025-08-17 17:41:29:4129","url":"/api/v1/chat/models","userAgent":"Mozilla/5.0 (Windows NT 10.0; Win64; x64) AppleWebKit/537.36 (KHTML, like Gecko) Code/1.103.0 Chrome/138.0.7204.100 Electron/37.2.3 Safari/537.36"}
{"level":"info","message":"✅ All routers imported successfully","timestamp":"2025-08-17 17:41:59:4159"}
{"level":"info","message":"🔗 User router mounted at /api/v1/users","timestamp":"2025-08-17 17:41:59:4159"}
{"level":"info","message":"🔗 FHE router mounted at /api/v1/fhe","timestamp":"2025-08-17 17:41:59:4159"}
{"level":"info","message":"🔗 Chat router mounted at /api/v1/chat","timestamp":"2025-08-17 17:41:59:4159"}
{"level":"info","message":"🔗 Test router mounted at /api/v1/test","timestamp":"2025-08-17 17:41:59:4159"}
{"level":"info","message":"🔗 Admin router mounted at /api/v1/admin","timestamp":"2025-08-17 17:41:59:4159"}
{"level":"info","message":"🔗 API key router mounted at /api/v1/api-keys","timestamp":"2025-08-17 17:41:59:4159"}
{"level":"info","message":"🔗 MCP router mounted at /api/v1/mcp","timestamp":"2025-08-17 17:41:59:4159"}
{"level":"info","message":"🔗 Direct debug route registered","timestamp":"2025-08-17 17:41:59:4159"}
{"level":"error","message":"Uncaught Exception listen EADDRINUSE: address already in use :::8000","name":"Error","stack":"Error: listen EADDRINUSE: address already in use :::8000\n    at Server.setupListenHandle [as _listen2] (node:net:1939:16)\n    at listenInCluster (node:net:1996:12)\n    at Server.listen (node:net:2101:7)\n    at Function.listen (C:\\programing\\Secure Bridge\\server\\node_modules\\express\\lib\\application.js:635:24)\n    at file:///C:/programing/Secure%20Bridge/server/src/index.js:41:9\n    at process.processTicksAndRejections (node:internal/process/task_queues:105:5)","timestamp":"2025-08-17 17:42:01:421"}
{"ip":"::1","level":"error","message":"API Request Error","method":"GET","responseTime":"96ms","statusCode":500,"timestamp":"2025-08-17 17:42:13:4213","url":"/api/v1/chat/models","userAgent":"Mozilla/5.0 (Windows NT 10.0; Win64; x64) AppleWebKit/537.36 (KHTML, like Gecko) Chrome/139.0.0.0 Safari/537.36 Edg/139.0.0.0","userId":"6890bc025f44f5ac5c348507"}
{"level":"info","message":"SIGINT received. Starting graceful shutdown...","timestamp":"2025-08-17 17:42:37:4237"}
{"level":"info","message":"✅ All routers imported successfully","timestamp":"2025-08-17 17:43:09:439"}
{"level":"info","message":"🔗 User router mounted at /api/v1/users","timestamp":"2025-08-17 17:43:09:439"}
{"level":"info","message":"🔗 FHE router mounted at /api/v1/fhe","timestamp":"2025-08-17 17:43:09:439"}
{"level":"info","message":"🔗 Chat router mounted at /api/v1/chat","timestamp":"2025-08-17 17:43:09:439"}
{"level":"info","message":"🔗 Test router mounted at /api/v1/test","timestamp":"2025-08-17 17:43:09:439"}
{"level":"info","message":"🔗 Admin router mounted at /api/v1/admin","timestamp":"2025-08-17 17:43:09:439"}
{"level":"info","message":"🔗 API key router mounted at /api/v1/api-keys","timestamp":"2025-08-17 17:43:09:439"}
{"level":"info","message":"🔗 MCP router mounted at /api/v1/mcp","timestamp":"2025-08-17 17:43:09:439"}
{"level":"info","message":"🔗 Direct debug route registered","timestamp":"2025-08-17 17:43:09:439"}
{"ip":"::1","level":"error","message":"API Request Error","method":"GET","responseTime":"156ms","statusCode":500,"timestamp":"2025-08-17 17:43:24:4324","url":"/api/v1/chat/models","userAgent":"Mozilla/5.0 (Windows NT 10.0; Win64; x64) AppleWebKit/537.36 (KHTML, like Gecko) Chrome/139.0.0.0 Safari/537.36 Edg/139.0.0.0","userId":"6890bc025f44f5ac5c348507"}
{"body":{"description":"","externalKey":"AIzaSyCwPdPcWKqBOdw74QyWQVa4vGnJ5Wi9O44","name":"new ","permissions":["chat.access","fhe.encrypt","mcp.connect"],"provider":"google","rateLimit":{"requestsPerDay":10000,"requestsPerHour":1000,"requestsPerMinute":100}},"ip":"::1","level":"error","message":"Application Error crypto.createCipher is not a function","method":"POST","name":"TypeError","params":{},"query":{},"stack":"TypeError: crypto.createCipher is not a function\n    at apiKeySchema.statics.encryptExternalKey (file:///C:/programing/Secure%20Bridge/server/src/models/apikey.model.js:372:25)\n    at file:///C:/programing/Secure%20Bridge/server/src/routes/apikey.router.js:139:34\n    at file:///C:/programing/Secure%20Bridge/server/src/utils/asyncHandler.js:51:13\n    at Layer.handle [as handle_request] (C:\\programing\\Secure Bridge\\server\\node_modules\\express\\lib\\router\\layer.js:95:5)\n    at next (C:\\programing\\Secure Bridge\\server\\node_modules\\express\\lib\\router\\route.js:149:13)\n    at Route.dispatch (C:\\programing\\Secure Bridge\\server\\node_modules\\express\\lib\\router\\route.js:119:3)\n    at Layer.handle [as handle_request] (C:\\programing\\Secure Bridge\\server\\node_modules\\express\\lib\\router\\layer.js:95:5)\n    at C:\\programing\\Secure Bridge\\server\\node_modules\\express\\lib\\router\\index.js:284:15\n    at Function.process_params (C:\\programing\\Secure Bridge\\server\\node_modules\\express\\lib\\router\\index.js:346:12)\n    at next (C:\\programing\\Secure Bridge\\server\\node_modules\\express\\lib\\router\\index.js:280:10)","timestamp":"2025-08-17 17:44:08:448","url":"/api/v1/api-keys","userAgent":"Mozilla/5.0 (Windows NT 10.0; Win64; x64) AppleWebKit/537.36 (KHTML, like Gecko) Chrome/139.0.0.0 Safari/537.36 Edg/139.0.0.0","userId":"6890bc025f44f5ac5c348507"}
{"ip":"::1","level":"error","message":"API Request Error","method":"POST","responseTime":"148ms","statusCode":500,"timestamp":"2025-08-17 17:44:08:448","url":"/api/v1/api-keys","userAgent":"Mozilla/5.0 (Windows NT 10.0; Win64; x64) AppleWebKit/537.36 (KHTML, like Gecko) Chrome/139.0.0.0 Safari/537.36 Edg/139.0.0.0","userId":"6890bc025f44f5ac5c348507"}
{"level":"info","message":"✅ All routers imported successfully","timestamp":"2025-08-17 18:16:02:162"}
{"level":"info","message":"🔗 User router mounted at /api/v1/users","timestamp":"2025-08-17 18:16:02:162"}
{"level":"info","message":"🔗 FHE router mounted at /api/v1/fhe","timestamp":"2025-08-17 18:16:02:162"}
{"level":"info","message":"🔗 Chat router mounted at /api/v1/chat","timestamp":"2025-08-17 18:16:02:162"}
{"level":"info","message":"🔗 Test router mounted at /api/v1/test","timestamp":"2025-08-17 18:16:02:162"}
{"level":"info","message":"🔗 Admin router mounted at /api/v1/admin","timestamp":"2025-08-17 18:16:02:162"}
{"level":"info","message":"🔗 API key router mounted at /api/v1/api-keys","timestamp":"2025-08-17 18:16:02:162"}
{"level":"info","message":"🔗 MCP router mounted at /api/v1/mcp","timestamp":"2025-08-17 18:16:02:162"}
{"level":"info","message":"🔗 Direct debug route registered","timestamp":"2025-08-17 18:16:02:162"}
{"ip":"::1","level":"warn","message":"Client Error: Unauthorized request","method":"GET","params":{},"query":{},"statusCode":401,"timestamp":"2025-08-17 18:18:11:1811","url":"/api/v1/chat/models","userAgent":"Mozilla/5.0 (Windows NT 10.0; Win64; x64) AppleWebKit/537.36 (KHTML, like Gecko) Code/1.103.0 Chrome/138.0.7204.100 Electron/37.2.3 Safari/537.36"}
{"ip":"::1","level":"warn","message":"API Request Client Error","method":"GET","responseTime":"4ms","statusCode":401,"timestamp":"2025-08-17 18:18:11:1811","url":"/api/v1/chat/models","userAgent":"Mozilla/5.0 (Windows NT 10.0; Win64; x64) AppleWebKit/537.36 (KHTML, like Gecko) Code/1.103.0 Chrome/138.0.7204.100 Electron/37.2.3 Safari/537.36"}
{"ip":"::1","level":"warn","message":"404 - Route not found","method":"GET","timestamp":"2025-08-17 18:18:23:1823","url":"/api-keys","userAgent":"Mozilla/5.0 (Windows NT 10.0; Win64; x64) AppleWebKit/537.36 (KHTML, like Gecko) Chrome/139.0.0.0 Safari/537.36 Edg/139.0.0.0"}
{"ip":"::1","level":"warn","message":"API Request Client Error","method":"GET","responseTime":"5ms","statusCode":404,"timestamp":"2025-08-17 18:18:23:1823","url":"/api-keys","userAgent":"Mozilla/5.0 (Windows NT 10.0; Win64; x64) AppleWebKit/537.36 (KHTML, like Gecko) Chrome/139.0.0.0 Safari/537.36 Edg/139.0.0.0"}
{"ip":"::1","level":"error","message":"API Request Error","method":"GET","responseTime":"68ms","statusCode":500,"timestamp":"2025-08-17 18:18:30:1830","url":"/api/v1/chat/models","userAgent":"Mozilla/5.0 (Windows NT 10.0; Win64; x64) AppleWebKit/537.36 (KHTML, like Gecko) Chrome/139.0.0.0 Safari/537.36 Edg/139.0.0.0","userId":"6890bc025f44f5ac5c348507"}
{"ip":"::1","level":"warn","message":"Client Error: Unauthorized request","method":"GET","params":{},"query":{},"statusCode":401,"timestamp":"2025-08-17 18:18:41:1841","url":"/api/v1/chat/models","userAgent":"Mozilla/5.0 (Windows NT 10.0; Win64; x64) AppleWebKit/537.36 (KHTML, like Gecko) Code/1.103.0 Chrome/138.0.7204.100 Electron/37.2.3 Safari/537.36"}
{"ip":"::1","level":"warn","message":"API Request Client Error","method":"GET","responseTime":"1ms","statusCode":401,"timestamp":"2025-08-17 18:18:41:1841","url":"/api/v1/chat/models","userAgent":"Mozilla/5.0 (Windows NT 10.0; Win64; x64) AppleWebKit/537.36 (KHTML, like Gecko) Code/1.103.0 Chrome/138.0.7204.100 Electron/37.2.3 Safari/537.36"}
{"ip":"::1","level":"warn","message":"Client Error: Unauthorized request","method":"GET","params":{},"query":{},"statusCode":401,"timestamp":"2025-08-17 18:19:11:1911","url":"/api/v1/chat/models","userAgent":"Mozilla/5.0 (Windows NT 10.0; Win64; x64) AppleWebKit/537.36 (KHTML, like Gecko) Code/1.103.0 Chrome/138.0.7204.100 Electron/37.2.3 Safari/537.36"}
{"ip":"::1","level":"warn","message":"API Request Client Error","method":"GET","responseTime":"1ms","statusCode":401,"timestamp":"2025-08-17 18:19:11:1911","url":"/api/v1/chat/models","userAgent":"Mozilla/5.0 (Windows NT 10.0; Win64; x64) AppleWebKit/537.36 (KHTML, like Gecko) Code/1.103.0 Chrome/138.0.7204.100 Electron/37.2.3 Safari/537.36"}
{"body":{"description":"","externalKey":"AIzaSyCwPdPcWKqBOdw74QyWQVa4vGnJ5Wi9O44","name":"one","permissions":["chat.access","fhe.encrypt","mcp.connect"],"provider":"google","rateLimit":{"requestsPerDay":10000,"requestsPerHour":1000,"requestsPerMinute":100}},"ip":"::1","level":"error","message":"Application Error crypto.createCipher is not a function","method":"POST","name":"TypeError","params":{},"query":{},"stack":"TypeError: crypto.createCipher is not a function\n    at apiKeySchema.statics.encryptExternalKey (file:///C:/programing/Secure%20Bridge/server/src/models/apikey.model.js:372:25)\n    at file:///C:/programing/Secure%20Bridge/server/src/routes/apikey.router.js:139:34\n    at file:///C:/programing/Secure%20Bridge/server/src/utils/asyncHandler.js:51:13\n    at Layer.handle [as handle_request] (C:\\programing\\Secure Bridge\\server\\node_modules\\express\\lib\\router\\layer.js:95:5)\n    at next (C:\\programing\\Secure Bridge\\server\\node_modules\\express\\lib\\router\\route.js:149:13)\n    at Route.dispatch (C:\\programing\\Secure Bridge\\server\\node_modules\\express\\lib\\router\\route.js:119:3)\n    at Layer.handle [as handle_request] (C:\\programing\\Secure Bridge\\server\\node_modules\\express\\lib\\router\\layer.js:95:5)\n    at C:\\programing\\Secure Bridge\\server\\node_modules\\express\\lib\\router\\index.js:284:15\n    at Function.process_params (C:\\programing\\Secure Bridge\\server\\node_modules\\express\\lib\\router\\index.js:346:12)\n    at next (C:\\programing\\Secure Bridge\\server\\node_modules\\express\\lib\\router\\index.js:280:10)","timestamp":"2025-08-17 18:19:17:1917","url":"/api/v1/api-keys","userAgent":"Mozilla/5.0 (Windows NT 10.0; Win64; x64) AppleWebKit/537.36 (KHTML, like Gecko) Chrome/139.0.0.0 Safari/537.36 Edg/139.0.0.0","userId":"6890bc025f44f5ac5c348507"}
{"ip":"::1","level":"error","message":"API Request Error","method":"POST","responseTime":"87ms","statusCode":500,"timestamp":"2025-08-17 18:19:17:1917","url":"/api/v1/api-keys","userAgent":"Mozilla/5.0 (Windows NT 10.0; Win64; x64) AppleWebKit/537.36 (KHTML, like Gecko) Chrome/139.0.0.0 Safari/537.36 Edg/139.0.0.0","userId":"6890bc025f44f5ac5c348507"}
{"level":"info","message":"✅ All routers imported successfully","timestamp":"2025-08-17 18:19:39:1939"}
{"level":"info","message":"🔗 User router mounted at /api/v1/users","timestamp":"2025-08-17 18:19:39:1939"}
{"level":"info","message":"🔗 FHE router mounted at /api/v1/fhe","timestamp":"2025-08-17 18:19:39:1939"}
{"level":"info","message":"🔗 Chat router mounted at /api/v1/chat","timestamp":"2025-08-17 18:19:39:1939"}
{"level":"info","message":"🔗 Test router mounted at /api/v1/test","timestamp":"2025-08-17 18:19:39:1939"}
{"level":"info","message":"🔗 Admin router mounted at /api/v1/admin","timestamp":"2025-08-17 18:19:39:1939"}
{"level":"info","message":"🔗 API key router mounted at /api/v1/api-keys","timestamp":"2025-08-17 18:19:39:1939"}
{"level":"info","message":"🔗 MCP router mounted at /api/v1/mcp","timestamp":"2025-08-17 18:19:39:1939"}
{"level":"info","message":"🔗 Direct debug route registered","timestamp":"2025-08-17 18:19:39:1939"}
{"level":"error","message":"Uncaught Exception listen EADDRINUSE: address already in use :::8000","name":"Error","stack":"Error: listen EADDRINUSE: address already in use :::8000\n    at Server.setupListenHandle [as _listen2] (node:net:1939:16)\n    at listenInCluster (node:net:1996:12)\n    at Server.listen (node:net:2101:7)\n    at Function.listen (C:\\programing\\Secure Bridge\\server\\node_modules\\express\\lib\\application.js:635:24)\n    at file:///C:/programing/Secure%20Bridge/server/src/index.js:41:9\n    at process.processTicksAndRejections (node:internal/process/task_queues:105:5)","timestamp":"2025-08-17 18:19:40:1940"}
{"ip":"::1","level":"warn","message":"Client Error: Unauthorized request","method":"GET","params":{},"query":{},"statusCode":401,"timestamp":"2025-08-17 18:19:41:1941","url":"/api/v1/chat/models","userAgent":"Mozilla/5.0 (Windows NT 10.0; Win64; x64) AppleWebKit/537.36 (KHTML, like Gecko) Code/1.103.0 Chrome/138.0.7204.100 Electron/37.2.3 Safari/537.36"}
{"ip":"::1","level":"warn","message":"API Request Client Error","method":"GET","responseTime":"1ms","statusCode":401,"timestamp":"2025-08-17 18:19:41:1941","url":"/api/v1/chat/models","userAgent":"Mozilla/5.0 (Windows NT 10.0; Win64; x64) AppleWebKit/537.36 (KHTML, like Gecko) Code/1.103.0 Chrome/138.0.7204.100 Electron/37.2.3 Safari/537.36"}
{"ip":"::1","level":"warn","message":"Client Error: Unauthorized request","method":"GET","params":{},"query":{},"statusCode":401,"timestamp":"2025-08-17 18:20:11:2011","url":"/api/v1/chat/models","userAgent":"Mozilla/5.0 (Windows NT 10.0; Win64; x64) AppleWebKit/537.36 (KHTML, like Gecko) Code/1.103.0 Chrome/138.0.7204.100 Electron/37.2.3 Safari/537.36"}
{"ip":"::1","level":"warn","message":"API Request Client Error","method":"GET","responseTime":"2ms","statusCode":401,"timestamp":"2025-08-17 18:20:11:2011","url":"/api/v1/chat/models","userAgent":"Mozilla/5.0 (Windows NT 10.0; Win64; x64) AppleWebKit/537.36 (KHTML, like Gecko) Code/1.103.0 Chrome/138.0.7204.100 Electron/37.2.3 Safari/537.36"}
{"ip":"::1","level":"warn","message":"Client Error: Unauthorized request","method":"GET","params":{},"query":{},"statusCode":401,"timestamp":"2025-08-17 18:20:41:2041","url":"/api/v1/chat/models","userAgent":"Mozilla/5.0 (Windows NT 10.0; Win64; x64) AppleWebKit/537.36 (KHTML, like Gecko) Code/1.103.0 Chrome/138.0.7204.100 Electron/37.2.3 Safari/537.36"}
{"ip":"::1","level":"warn","message":"API Request Client Error","method":"GET","responseTime":"1ms","statusCode":401,"timestamp":"2025-08-17 18:20:41:2041","url":"/api/v1/chat/models","userAgent":"Mozilla/5.0 (Windows NT 10.0; Win64; x64) AppleWebKit/537.36 (KHTML, like Gecko) Code/1.103.0 Chrome/138.0.7204.100 Electron/37.2.3 Safari/537.36"}
{"ip":"::1","level":"warn","message":"Client Error: Unauthorized request","method":"GET","params":{},"query":{},"statusCode":401,"timestamp":"2025-08-17 18:21:11:2111","url":"/api/v1/chat/models","userAgent":"Mozilla/5.0 (Windows NT 10.0; Win64; x64) AppleWebKit/537.36 (KHTML, like Gecko) Code/1.103.0 Chrome/138.0.7204.100 Electron/37.2.3 Safari/537.36"}
{"ip":"::1","level":"warn","message":"API Request Client Error","method":"GET","responseTime":"1ms","statusCode":401,"timestamp":"2025-08-17 18:21:11:2111","url":"/api/v1/chat/models","userAgent":"Mozilla/5.0 (Windows NT 10.0; Win64; x64) AppleWebKit/537.36 (KHTML, like Gecko) Code/1.103.0 Chrome/138.0.7204.100 Electron/37.2.3 Safari/537.36"}
{"level":"info","message":"✅ All routers imported successfully","timestamp":"2025-08-17 18:21:37:2137"}
{"level":"info","message":"🔗 User router mounted at /api/v1/users","timestamp":"2025-08-17 18:21:37:2137"}
{"level":"info","message":"🔗 FHE router mounted at /api/v1/fhe","timestamp":"2025-08-17 18:21:37:2137"}
{"level":"info","message":"🔗 Chat router mounted at /api/v1/chat","timestamp":"2025-08-17 18:21:37:2137"}
{"level":"info","message":"🔗 Test router mounted at /api/v1/test","timestamp":"2025-08-17 18:21:37:2137"}
{"level":"info","message":"🔗 Admin router mounted at /api/v1/admin","timestamp":"2025-08-17 18:21:37:2137"}
{"level":"info","message":"🔗 API key router mounted at /api/v1/api-keys","timestamp":"2025-08-17 18:21:37:2137"}
{"level":"info","message":"🔗 MCP router mounted at /api/v1/mcp","timestamp":"2025-08-17 18:21:37:2137"}
{"level":"info","message":"🔗 Direct debug route registered","timestamp":"2025-08-17 18:21:37:2137"}
{"ip":"::1","level":"warn","message":"Client Error: Unauthorized request","method":"GET","params":{},"query":{},"statusCode":401,"timestamp":"2025-08-17 18:21:56:2156","url":"/api/v1/chat/models","userAgent":"Mozilla/5.0 (Windows NT 10.0; Win64; x64) AppleWebKit/537.36 (KHTML, like Gecko) Code/1.103.0 Chrome/138.0.7204.100 Electron/37.2.3 Safari/537.36"}
{"ip":"::1","level":"warn","message":"API Request Client Error","method":"GET","responseTime":"6ms","statusCode":401,"timestamp":"2025-08-17 18:21:56:2156","url":"/api/v1/chat/models","userAgent":"Mozilla/5.0 (Windows NT 10.0; Win64; x64) AppleWebKit/537.36 (KHTML, like Gecko) Code/1.103.0 Chrome/138.0.7204.100 Electron/37.2.3 Safari/537.36"}
{"ip":"::1","level":"warn","message":"404 - Route not found","method":"GET","timestamp":"2025-08-17 18:22:20:2220","url":"/api-keys","userAgent":"Mozilla/5.0 (Windows NT 10.0; Win64; x64) AppleWebKit/537.36 (KHTML, like Gecko) Chrome/139.0.0.0 Safari/537.36 Edg/139.0.0.0"}
{"ip":"::1","level":"warn","message":"API Request Client Error","method":"GET","responseTime":"3ms","statusCode":404,"timestamp":"2025-08-17 18:22:20:2220","url":"/api-keys","userAgent":"Mozilla/5.0 (Windows NT 10.0; Win64; x64) AppleWebKit/537.36 (KHTML, like Gecko) Chrome/139.0.0.0 Safari/537.36 Edg/139.0.0.0"}
{"ip":"::1","level":"warn","message":"Client Error: Unauthorized request","method":"GET","params":{},"query":{},"statusCode":401,"timestamp":"2025-08-17 18:22:26:2226","url":"/api/v1/chat/models","userAgent":"Mozilla/5.0 (Windows NT 10.0; Win64; x64) AppleWebKit/537.36 (KHTML, like Gecko) Code/1.103.0 Chrome/138.0.7204.100 Electron/37.2.3 Safari/537.36"}
{"ip":"::1","level":"warn","message":"API Request Client Error","method":"GET","responseTime":"2ms","statusCode":401,"timestamp":"2025-08-17 18:22:26:2226","url":"/api/v1/chat/models","userAgent":"Mozilla/5.0 (Windows NT 10.0; Win64; x64) AppleWebKit/537.36 (KHTML, like Gecko) Code/1.103.0 Chrome/138.0.7204.100 Electron/37.2.3 Safari/537.36"}
{"ip":"::1","level":"warn","message":"Client Error: Unauthorized request","method":"GET","params":{},"query":{},"statusCode":401,"timestamp":"2025-08-17 18:22:56:2256","url":"/api/v1/chat/models","userAgent":"Mozilla/5.0 (Windows NT 10.0; Win64; x64) AppleWebKit/537.36 (KHTML, like Gecko) Code/1.103.0 Chrome/138.0.7204.100 Electron/37.2.3 Safari/537.36"}
{"ip":"::1","level":"warn","message":"API Request Client Error","method":"GET","responseTime":"1ms","statusCode":401,"timestamp":"2025-08-17 18:22:56:2256","url":"/api/v1/chat/models","userAgent":"Mozilla/5.0 (Windows NT 10.0; Win64; x64) AppleWebKit/537.36 (KHTML, like Gecko) Code/1.103.0 Chrome/138.0.7204.100 Electron/37.2.3 Safari/537.36"}
